-- phpMyAdmin SQL Dump
-- version 5.2.1
-- https://www.phpmyadmin.net/
--
-- Servidor: 127.0.0.1
-- Tiempo de generación: 26-11-2025 a las 12:22:37
-- Versión del servidor: 10.4.32-MariaDB
-- Versión de PHP: 8.2.12

SET SQL_MODE = "NO_AUTO_VALUE_ON_ZERO";
START TRANSACTION;
SET time_zone = "+00:00";


/*!40101 SET @OLD_CHARACTER_SET_CLIENT=@@CHARACTER_SET_CLIENT */;
/*!40101 SET @OLD_CHARACTER_SET_RESULTS=@@CHARACTER_SET_RESULTS */;
/*!40101 SET @OLD_COLLATION_CONNECTION=@@COLLATION_CONNECTION */;
/*!40101 SET NAMES utf8mb4 */;

--
-- Base de datos: `petcare_saas`
--

-- --------------------------------------------------------

--
-- Estructura de tabla para la tabla `bitacora`
--

CREATE TABLE `bitacora` (
  `id` bigint(20) UNSIGNED NOT NULL,
  `user_id` int(11) DEFAULT NULL,
  `accion` varchar(100) NOT NULL,
  `entidad_tipo` varchar(100) DEFAULT NULL,
  `entidad_id` bigint(20) UNSIGNED DEFAULT NULL,
  `ip` varchar(45) DEFAULT NULL,
  `user_agent` text DEFAULT NULL,
  `antes` longtext CHARACTER SET utf8mb4 COLLATE utf8mb4_bin DEFAULT NULL CHECK (json_valid(`antes`)),
  `despues` longtext CHARACTER SET utf8mb4 COLLATE utf8mb4_bin DEFAULT NULL CHECK (json_valid(`despues`)),
  `creado_en` timestamp NOT NULL DEFAULT current_timestamp()
) ENGINE=InnoDB DEFAULT CHARSET=utf8mb4 COLLATE=utf8mb4_unicode_ci;

-- --------------------------------------------------------

--
-- Estructura de tabla para la tabla `cache`
--

CREATE TABLE `cache` (
  `key` varchar(255) NOT NULL,
  `value` mediumtext NOT NULL,
  `expiration` int(11) NOT NULL
) ENGINE=InnoDB DEFAULT CHARSET=utf8mb4 COLLATE=utf8mb4_unicode_ci;

-- --------------------------------------------------------

--
-- Estructura de tabla para la tabla `cache_locks`
--

CREATE TABLE `cache_locks` (
  `key` varchar(255) NOT NULL,
  `owner` varchar(255) NOT NULL,
  `expiration` int(11) NOT NULL
) ENGINE=InnoDB DEFAULT CHARSET=utf8mb4 COLLATE=utf8mb4_unicode_ci;

-- --------------------------------------------------------

--
-- Estructura de tabla para la tabla `categorias`
--

CREATE TABLE `categorias` (
  `id` int(11) NOT NULL,
  `nombre_categoria` varchar(100) NOT NULL,
  `descripcion` text DEFAULT NULL,
  `tipo` enum('servicio','producto','especialidad') DEFAULT 'servicio',
  `activo` tinyint(1) DEFAULT 1,
  `fecha_alta` timestamp NOT NULL DEFAULT current_timestamp()
) ENGINE=InnoDB DEFAULT CHARSET=utf8mb4 COLLATE=utf8mb4_general_ci;

--
-- Volcado de datos para la tabla `categorias`
--

INSERT INTO `categorias` (`id`, `nombre_categoria`, `descripcion`, `tipo`, `activo`, `fecha_alta`) VALUES
(1, 'Veterinaria', 'Servicios veterinarios generales', 'servicio', 1, '2025-10-30 11:36:51'),
(2, 'Peluquería', 'Cortes y baños para mascotas', 'servicio', 1, '2025-10-30 11:36:51'),
(3, 'Paseos', 'Paseadores y guardería', 'servicio', 1, '2025-10-30 11:36:51');

-- --------------------------------------------------------

--
-- Estructura de tabla para la tabla `ciudades`
--

CREATE TABLE `ciudades` (
  `id` int(11) NOT NULL,
  `provincia_id` int(11) NOT NULL,
  `nombre` varchar(150) NOT NULL
) ENGINE=InnoDB DEFAULT CHARSET=utf8mb4 COLLATE=utf8mb4_general_ci;

--
-- Volcado de datos para la tabla `ciudades`
--

INSERT INTO `ciudades` (`id`, `provincia_id`, `nombre`) VALUES
(7, 1, 'Avellaneda'),
(3, 1, 'Bahía Blanca'),
(1, 1, 'La Plata'),
(5, 1, 'Lanús'),
(6, 1, 'Lomas de Zamora'),
(2, 1, 'Mar del Plata'),
(10, 1, 'Morón'),
(4, 1, 'Quilmes'),
(8, 1, 'San Isidro'),
(9, 1, 'Tigre'),
(11, 2, 'CABA'),
(12, 3, 'Córdoba'),
(14, 3, 'Río Cuarto'),
(13, 3, 'Villa Carlos Paz'),
(15, 3, 'Villa María'),
(18, 4, 'Rafaela'),
(16, 4, 'Rosario'),
(17, 4, 'Santa Fe'),
(19, 4, 'Venado Tuerto'),
(21, 5, 'Godoy Cruz'),
(22, 5, 'Guaymallén'),
(20, 5, 'Mendoza'),
(23, 5, 'San Rafael'),
(24, 6, 'San Fernando del Valle de Catamarca'),
(26, 7, 'Barranqueras'),
(25, 7, 'Resistencia'),
(29, 8, 'Comodoro Rivadavia'),
(27, 8, 'Rawson'),
(28, 8, 'Trelew'),
(30, 9, 'Corrientes'),
(31, 9, 'Goya'),
(33, 10, 'Concordia'),
(34, 10, 'Gualeguaychú'),
(32, 10, 'Paraná'),
(35, 11, 'Formosa'),
(37, 12, 'Palpalá'),
(36, 12, 'San Salvador de Jujuy'),
(39, 13, 'General Pico'),
(38, 13, 'Santa Rosa'),
(40, 14, 'La Rioja'),
(42, 15, 'Oberá'),
(41, 15, 'Posadas'),
(43, 16, 'Neuquén'),
(44, 16, 'San Martín de los Andes'),
(47, 17, 'Bariloche'),
(46, 17, 'General Roca'),
(45, 17, 'Viedma'),
(48, 18, 'Salta'),
(49, 18, 'San Ramón de la Nueva Orán'),
(50, 19, 'San Juan'),
(51, 20, 'San Luis'),
(52, 20, 'Villa Mercedes'),
(54, 21, 'Caleta Olivia'),
(53, 21, 'Río Gallegos'),
(56, 22, 'La Banda'),
(55, 22, 'Santiago del Estero'),
(58, 23, 'Río Grande'),
(57, 23, 'Ushuaia'),
(59, 24, 'San Miguel de Tucumán'),
(60, 24, 'Tafí Viejo');

-- --------------------------------------------------------

--
-- Estructura de tabla para la tabla `email_verifications`
--

CREATE TABLE `email_verifications` (
  `id` bigint(20) UNSIGNED NOT NULL,
  `user_id` bigint(20) UNSIGNED NOT NULL,
  `token` varchar(255) NOT NULL,
  `created_at` timestamp NOT NULL DEFAULT current_timestamp()
) ENGINE=InnoDB DEFAULT CHARSET=utf8mb4 COLLATE=utf8mb4_general_ci;

-- --------------------------------------------------------

--
-- Estructura de tabla para la tabla `failed_jobs`
--

CREATE TABLE `failed_jobs` (
  `id` bigint(20) UNSIGNED NOT NULL,
  `uuid` varchar(255) NOT NULL,
  `connection` text NOT NULL,
  `queue` text NOT NULL,
  `payload` longtext NOT NULL,
  `exception` longtext NOT NULL,
  `failed_at` timestamp NOT NULL DEFAULT current_timestamp()
) ENGINE=InnoDB DEFAULT CHARSET=utf8mb4 COLLATE=utf8mb4_unicode_ci;

-- --------------------------------------------------------

--
-- Estructura de tabla para la tabla `historial_servicios`
--

CREATE TABLE `historial_servicios` (
  `id` int(10) UNSIGNED NOT NULL,
  `mascota_id` int(11) NOT NULL,
  `reserva_id` int(10) UNSIGNED DEFAULT NULL,
  `profesional_id` int(11) DEFAULT NULL,
  `descripcion` text NOT NULL,
  `archivos` longtext CHARACTER SET utf8mb4 COLLATE utf8mb4_bin DEFAULT NULL CHECK (json_valid(`archivos`)),
  `fecha` datetime NOT NULL DEFAULT current_timestamp()
) ENGINE=InnoDB DEFAULT CHARSET=utf8mb4 COLLATE=utf8mb4_unicode_ci;

-- --------------------------------------------------------

--
-- Estructura de tabla para la tabla `jobs`
--

CREATE TABLE `jobs` (
  `id` bigint(20) UNSIGNED NOT NULL,
  `queue` varchar(255) NOT NULL,
  `payload` longtext NOT NULL,
  `attempts` tinyint(3) UNSIGNED NOT NULL,
  `reserved_at` int(10) UNSIGNED DEFAULT NULL,
  `available_at` int(10) UNSIGNED NOT NULL,
  `created_at` int(10) UNSIGNED NOT NULL
) ENGINE=InnoDB DEFAULT CHARSET=utf8mb4 COLLATE=utf8mb4_unicode_ci;

-- --------------------------------------------------------

--
-- Estructura de tabla para la tabla `job_batches`
--

CREATE TABLE `job_batches` (
  `id` varchar(255) NOT NULL,
  `name` varchar(255) NOT NULL,
  `total_jobs` int(11) NOT NULL,
  `pending_jobs` int(11) NOT NULL,
  `failed_jobs` int(11) NOT NULL,
  `failed_job_ids` longtext NOT NULL,
  `options` mediumtext DEFAULT NULL,
  `cancelled_at` int(11) DEFAULT NULL,
  `created_at` int(11) NOT NULL,
  `finished_at` int(11) DEFAULT NULL
) ENGINE=InnoDB DEFAULT CHARSET=utf8mb4 COLLATE=utf8mb4_unicode_ci;

-- --------------------------------------------------------

--
-- Estructura de tabla para la tabla `localidades`
--

CREATE TABLE `localidades` (
  `id` int(11) NOT NULL,
  `provincia_id` int(11) NOT NULL,
  `nombre` varchar(200) NOT NULL
) ENGINE=InnoDB DEFAULT CHARSET=utf8mb4 COLLATE=utf8mb4_general_ci;

--
-- Volcado de datos para la tabla `localidades`
--

INSERT INTO `localidades` (`id`, `provincia_id`, `nombre`) VALUES
(1, 3, '1° de Agosto'),
(2, 3, 'Achiras'),
(3, 3, 'Adelia María'),
(4, 3, 'Agua de Oro'),
(5, 3, 'Alcira Gigena'),
(6, 3, 'Aldea Santa María'),
(7, 3, 'Alejandro Roca'),
(8, 3, 'Alejo Ledesma'),
(9, 3, 'Alicia'),
(10, 3, 'Allmirante Brown'),
(11, 3, 'Almafuerte'),
(12, 3, 'Alpa Corral'),
(13, 3, 'Alta Gracia'),
(14, 3, 'Alto Alegre'),
(15, 3, 'Alto Resbaloso - El Barrial'),
(16, 3, 'Alto de los Quebrachos'),
(17, 3, 'Altos de Chipión'),
(18, 3, 'Amboy'),
(19, 3, 'Ambul'),
(20, 3, 'Ana Zumarán'),
(21, 3, 'Anisacate'),
(22, 3, 'Arias'),
(23, 3, 'Arroyito'),
(24, 3, 'Arroyo Algodón'),
(25, 3, 'Arroyo Cabral'),
(26, 3, 'Arroyo Los Patos'),
(27, 3, 'Arroyo San Antonio'),
(28, 3, 'Ascochinga'),
(29, 3, 'Assunta'),
(30, 3, 'Atahona'),
(31, 3, 'Ausonia'),
(32, 3, 'Avellaneda'),
(33, 3, 'Ballesteros'),
(34, 3, 'Ballesteros Sud'),
(35, 3, 'Balnearia'),
(36, 3, 'Barrio Gilbert'),
(37, 3, 'Barrio Gilbert (1º de Mayo) - Tejas Tres'),
(38, 3, 'Barrio Villa del Parque'),
(39, 3, 'Bañado de Soto'),
(40, 3, 'Bell Ville'),
(41, 3, 'Bengolea'),
(42, 3, 'Benjamín Gould'),
(43, 3, 'Berrotarán'),
(44, 3, 'Bialet Massé'),
(45, 3, 'Bouwer'),
(46, 3, 'Brinkmann'),
(47, 3, 'Bulnes'),
(48, 3, 'Cabalango'),
(49, 3, 'Calchín'),
(50, 3, 'Calchín Oeste'),
(51, 3, 'Camilo Aldao'),
(52, 3, 'Caminiaga'),
(53, 3, 'Canals'),
(54, 3, 'Candelaria Sur'),
(55, 3, 'Capilla de Sitón'),
(56, 3, 'Capilla de los Remedios'),
(57, 3, 'Capilla del Carmen'),
(58, 3, 'Capilla del Monte'),
(59, 3, 'Capitán General Bernardo O\'Higgins'),
(60, 3, 'Carnerillo'),
(61, 3, 'Carrilobo'),
(62, 3, 'Casa Grande'),
(63, 3, 'Caseros Centro'),
(64, 3, 'Cavanagh'),
(65, 3, 'Cañada de Luque'),
(66, 3, 'Cañada de Machado'),
(67, 3, 'Cañada de Río Pinto'),
(68, 3, 'Cañada del Sauce'),
(69, 3, 'Cerro Colorado'),
(70, 3, 'Chaján'),
(71, 3, 'Chalacea'),
(72, 3, 'Chancani'),
(73, 3, 'Charbonier'),
(74, 3, 'Charras'),
(75, 3, 'Chazón'),
(76, 3, 'Chañar Viejo'),
(77, 3, 'Chilibroste'),
(78, 3, 'Chucul'),
(79, 3, 'Churqui Cañada'),
(80, 3, 'Chuña'),
(81, 3, 'Chuña Huasi'),
(82, 3, 'Cintra'),
(83, 3, 'Ciudad de los Niños'),
(84, 3, 'Ciénaga del Coro'),
(85, 3, 'Colazo'),
(86, 3, 'Colonia 10 de Julio'),
(87, 3, 'Colonia Almada'),
(88, 3, 'Colonia Anita'),
(89, 3, 'Colonia Barge'),
(90, 3, 'Colonia Bismarck'),
(91, 3, 'Colonia Bremen'),
(92, 3, 'Colonia Caroya'),
(93, 3, 'Colonia Italiana'),
(94, 3, 'Colonia Iturraspe'),
(95, 3, 'Colonia Las Cuatro Esquinas'),
(96, 3, 'Colonia Las Pichanas'),
(97, 3, 'Colonia Marina'),
(98, 3, 'Colonia Prosperidad'),
(99, 3, 'Colonia San Bartolomé'),
(100, 3, 'Colonia San Pedro'),
(101, 3, 'Colonia Santa María'),
(102, 3, 'Colonia Tirolesa'),
(103, 3, 'Colonia Valtelina'),
(104, 3, 'Colonia Veinticinco'),
(105, 3, 'Colonia Vicente Agüero'),
(106, 3, 'Colonia Videla'),
(107, 3, 'Colonia Vignaud'),
(108, 3, 'Conlara'),
(109, 3, 'Copacabana'),
(110, 3, 'Coronel Baigorria'),
(111, 3, 'Coronel Moldes'),
(112, 3, 'Corral de Bustos'),
(113, 3, 'Corralito'),
(114, 3, 'Cosquín'),
(115, 3, 'Costasacate'),
(116, 3, 'Cruz Alta'),
(117, 3, 'Cruz de Caña'),
(118, 3, 'Cruz del Eje'),
(119, 3, 'Cuesta Blanca'),
(120, 3, 'Córdoba'),
(121, 3, 'Dalmacio Vélez'),
(122, 3, 'Del Campillo'),
(123, 3, 'Despeñaderos'),
(124, 3, 'Devoto'),
(125, 3, 'Deán Funes'),
(126, 3, 'Diego de Rojas'),
(127, 3, 'Dique Chico'),
(128, 3, 'Dumesnil'),
(129, 3, 'El Alcalde'),
(130, 3, 'El Arañado'),
(131, 3, 'El Brete'),
(132, 3, 'El Chacho'),
(133, 3, 'El Corcovado - El Torreón'),
(134, 3, 'El Crispín'),
(135, 3, 'El Diquecito'),
(136, 3, 'El Durazno'),
(137, 3, 'El Fortín'),
(138, 3, 'El Fuertecito'),
(139, 3, 'El Manzano'),
(140, 3, 'El Pueblito'),
(141, 3, 'El Rastreador'),
(142, 3, 'El Rodeo'),
(143, 3, 'El Tuscal'),
(144, 3, 'El Tío'),
(145, 3, 'El Valle'),
(146, 3, 'Elena'),
(147, 3, 'Embalse'),
(148, 3, 'Esquina'),
(149, 3, 'Estación Lecueder'),
(150, 3, 'Estación Luxardo'),
(151, 3, 'Estancia Vieja'),
(152, 3, 'Estancia de Guadalupe'),
(153, 3, 'Etruria'),
(154, 3, 'Eufrasio Loza'),
(155, 3, 'Falda del Carmen'),
(156, 3, 'Falda del Cañete'),
(157, 3, 'Freyre'),
(158, 3, 'General Baldissera'),
(159, 3, 'General Cabrera'),
(160, 3, 'General Deheza'),
(161, 3, 'General Fotheringham'),
(162, 3, 'General Levalle'),
(163, 3, 'General Paz'),
(164, 3, 'General Roca'),
(165, 3, 'Guanaco Muerto'),
(166, 3, 'Guasapampa'),
(167, 3, 'Guatimozín'),
(168, 3, 'Guiñazú Norte'),
(169, 3, 'Gutemberg'),
(170, 3, 'Hernando'),
(171, 3, 'Hipólito Bouchard'),
(172, 3, 'Huanchillas'),
(173, 3, 'Huerta Grande'),
(174, 3, 'Huinca Renancó'),
(175, 3, 'Idiazabal'),
(176, 3, 'Impira'),
(177, 3, 'Inriville'),
(178, 3, 'Isla Verde'),
(179, 3, 'Italó'),
(180, 3, 'James Craik'),
(181, 3, 'Jardín Arenales'),
(182, 3, 'Jesús María'),
(183, 3, 'José de la Quintana'),
(184, 3, 'Justiniano Posse'),
(185, 3, 'Juárez Celman'),
(186, 3, 'Kilómetro 658'),
(187, 3, 'La Batea'),
(188, 3, 'La Boca del Río'),
(189, 3, 'La Calera'),
(190, 3, 'La Carlota'),
(191, 3, 'La Carolina'),
(192, 3, 'La Cautiva'),
(193, 3, 'La Cesira'),
(194, 3, 'La Cruz'),
(195, 3, 'La Cumbre'),
(196, 3, 'La Cumbrecita'),
(197, 3, 'La Donosa'),
(198, 3, 'La Falda'),
(199, 3, 'La Floresta'),
(200, 3, 'La Francia'),
(201, 3, 'La Gilda'),
(202, 3, 'La Granja'),
(203, 3, 'La Higuera'),
(204, 3, 'La Laguna'),
(205, 3, 'La Paisanita'),
(206, 3, 'La Palestina'),
(207, 3, 'La Pampa'),
(208, 3, 'La Paquita'),
(209, 3, 'La Para'),
(210, 3, 'La Paz'),
(211, 3, 'La Playa'),
(212, 3, 'La Playosa'),
(213, 3, 'La Población'),
(214, 3, 'La Posta'),
(215, 3, 'La Puerta'),
(216, 3, 'La Quinta'),
(217, 3, 'La Rancherita y Las Cascadas'),
(218, 3, 'La Rinconada'),
(219, 3, 'La Serranita'),
(220, 3, 'La Tordilla'),
(221, 3, 'La Travesía'),
(222, 3, 'Laborde'),
(223, 3, 'Laboulaye'),
(224, 3, 'Laguna Larga'),
(225, 3, 'Las Acequias'),
(226, 3, 'Las Albahacas'),
(227, 3, 'Las Arrias'),
(228, 3, 'Las Bajadas'),
(229, 3, 'Las Caleras'),
(230, 3, 'Las Calles'),
(231, 3, 'Las Cañadas'),
(232, 3, 'Las Chacras'),
(233, 3, 'Las Gramillas'),
(234, 3, 'Las Higueras'),
(235, 3, 'Las Isletillas'),
(236, 3, 'Las Jarillas'),
(237, 3, 'Las Junturas'),
(238, 3, 'Las Mojarras'),
(239, 3, 'Las Palmas'),
(240, 3, 'Las Perdices'),
(241, 3, 'Las Peñas'),
(242, 3, 'Las Playas'),
(243, 3, 'Las Quintas'),
(244, 3, 'Las Rabonas'),
(245, 3, 'Las Saladas'),
(246, 3, 'Las Tapias'),
(247, 3, 'Las Varas'),
(248, 3, 'Las Varillas'),
(249, 3, 'Las Vertientes'),
(250, 3, 'Leguizamón'),
(251, 3, 'Leones'),
(252, 3, 'Los Cedros'),
(253, 3, 'Los Cerrillos'),
(254, 3, 'Los Chañaritos'),
(255, 3, 'Los Cisnes'),
(256, 3, 'Los Cocos'),
(257, 3, 'Los Cóndores'),
(258, 3, 'Los Hornillos'),
(259, 3, 'Los Hoyos'),
(260, 3, 'Los Mistoles'),
(261, 3, 'Los Molinos'),
(262, 3, 'Los Pozos'),
(263, 3, 'Los Reartes'),
(264, 3, 'Los Surgentes'),
(265, 3, 'Los Talares'),
(266, 3, 'Los Zorros'),
(267, 3, 'Lozada'),
(268, 3, 'Luca'),
(269, 3, 'Lucio V. Mansilla'),
(270, 3, 'Luque'),
(271, 3, 'Lutti'),
(272, 3, 'Luyaba'),
(273, 3, 'Malagueño'),
(274, 3, 'Malena'),
(275, 3, 'Mallín'),
(276, 3, 'Malvinas Argentinas'),
(277, 3, 'Manfredi'),
(278, 3, 'Maquinista Gallini'),
(279, 3, 'Marcos Juárez'),
(280, 3, 'Marull'),
(281, 3, 'Matorrales'),
(282, 3, 'Mattaldi'),
(283, 3, 'Mayu Sumaj'),
(284, 3, 'Media Naranja'),
(285, 3, 'Melo'),
(286, 3, 'Mendiolaza'),
(287, 3, 'Mi Granja'),
(288, 3, 'Mi Valle'),
(289, 3, 'Mina Clavero'),
(290, 3, 'Miramar'),
(291, 3, 'Monte Buey'),
(292, 3, 'Monte Leña'),
(293, 3, 'Monte Maíz'),
(294, 3, 'Monte Ralo'),
(295, 3, 'Monte de los Gauchos'),
(296, 3, 'Monte del Rosario'),
(297, 3, 'Montecristo'),
(298, 3, 'Morrison'),
(299, 3, 'Morteros'),
(300, 3, 'Mussi'),
(301, 3, 'Nicolás Bruzzone'),
(302, 3, 'Noetinger'),
(303, 3, 'Nono'),
(304, 3, 'Obispo Trejo'),
(305, 3, 'Olaeta'),
(306, 3, 'Oliva'),
(307, 3, 'Olivares de San Nicolás'),
(308, 3, 'Onagoity'),
(309, 3, 'Oncativo'),
(310, 3, 'Ordoñez'),
(311, 3, 'Pacheco de Melo'),
(312, 3, 'Pampayasta Norte'),
(313, 3, 'Pampayasta Sud'),
(314, 3, 'Panaholma'),
(315, 3, 'Parque Calmayo'),
(316, 3, 'Parque Norte'),
(317, 3, 'Parque Norte - Ciudad de los Niños - Guiñazú Norte'),
(318, 3, 'Pascanas'),
(319, 3, 'Pasco'),
(320, 3, 'Paso Viejo'),
(321, 3, 'Paso del Durazno'),
(322, 3, 'Pilar'),
(323, 3, 'Pincén'),
(324, 3, 'Piquillín'),
(325, 3, 'Plaza Luxardo'),
(326, 3, 'Plaza San Francisco'),
(327, 3, 'Plaza de Mercedes'),
(328, 3, 'Porteña'),
(329, 3, 'Potrero de Garay'),
(330, 3, 'Pozo Nuevo'),
(331, 3, 'Pozo del Molle'),
(332, 3, 'Pueblo Comechingones'),
(333, 3, 'Pueblo Italiano'),
(334, 3, 'Puesto de Castro'),
(335, 3, 'Punta del Agua'),
(336, 3, 'Quebracho Herrado'),
(337, 3, 'Quilino'),
(338, 3, 'Rafael García'),
(339, 3, 'Ramón J. Cárcano'),
(340, 3, 'Ranqueles'),
(341, 3, 'Rayo Cortado'),
(342, 3, 'Rincón'),
(343, 3, 'Rosales'),
(344, 3, 'Rosario del Saladillo'),
(345, 3, 'Río Bamba'),
(346, 3, 'Río Ceballos'),
(347, 3, 'Río Cuarto'),
(348, 3, 'Río Primero'),
(349, 3, 'Río Segundo'),
(350, 3, 'Río Tercero'),
(351, 3, 'Río de los Sauces'),
(352, 3, 'Sacanta'),
(353, 3, 'Sagrada Familia'),
(354, 3, 'Saira'),
(355, 3, 'Saladillo'),
(356, 3, 'Saldán'),
(357, 3, 'Salsacate'),
(358, 3, 'Salsipuedes'),
(359, 3, 'Sampacho'),
(360, 3, 'San Agustín'),
(361, 3, 'San Antonio de Arredondo'),
(362, 3, 'San Antonio de Litín'),
(363, 3, 'San Basilio'),
(364, 3, 'San Carlos Minas'),
(365, 3, 'San Clemente'),
(366, 3, 'San Esteban'),
(367, 3, 'San Francisco'),
(368, 3, 'San Francisco del Chañar'),
(369, 3, 'San Gerónimo'),
(370, 3, 'San Ignacio (Loteo San Javier)'),
(371, 3, 'San Ignacio (Loteo Vélez Crespo)'),
(372, 3, 'San Javier y Yacanto'),
(373, 3, 'San Joaquín'),
(374, 3, 'San José'),
(375, 3, 'San José de la Dormida'),
(376, 3, 'San José de las Salinas'),
(377, 3, 'San Lorenzo'),
(378, 3, 'San Marcos'),
(379, 3, 'San Marcos Sierra'),
(380, 3, 'San Martín'),
(381, 3, 'San Pedro'),
(382, 3, 'San Pedro Norte'),
(383, 3, 'San Pedro de Gütemberg'),
(384, 3, 'San Pedro de Toyos'),
(385, 3, 'San Roque'),
(386, 3, 'San Roque del Lago'),
(387, 3, 'San Severo'),
(388, 3, 'San Vicente'),
(389, 3, 'Sanabria'),
(390, 3, 'Santa Catalina'),
(391, 3, 'Santa Catalina Holmberg'),
(392, 3, 'Santa Elena'),
(393, 3, 'Santa Eufemia'),
(394, 3, 'Santa Magdalena'),
(395, 3, 'Santa María de Punilla'),
(396, 3, 'Santa Mónica'),
(397, 3, 'Santa Rosa de Calamuchita'),
(398, 3, 'Santa Rosa de Río Primero'),
(399, 3, 'Santiago Temple'),
(400, 3, 'Sarmiento'),
(401, 3, 'Saturnino María Laspiur'),
(402, 3, 'Sauce Arriba'),
(403, 3, 'Sebastián Elcano'),
(404, 3, 'Seeber'),
(405, 3, 'Segunda Usina'),
(406, 3, 'Serrano'),
(407, 3, 'Serrezuela'),
(408, 3, 'Silvio Pellico'),
(409, 3, 'Simbolar'),
(410, 3, 'Sinsacate'),
(411, 3, 'Socavones'),
(412, 3, 'Solar de los Molinos'),
(413, 3, 'Suco'),
(414, 3, 'Tala Cañada'),
(415, 3, 'Tala Huasi'),
(416, 3, 'Talaini'),
(417, 3, 'Tancacha'),
(418, 3, 'Tanti'),
(419, 3, 'Tejas Tres'),
(420, 3, 'Ticino'),
(421, 3, 'Tinoco'),
(422, 3, 'Toledo'),
(423, 3, 'Toro Pujio'),
(424, 3, 'Tosno'),
(425, 3, 'Tosquitas'),
(426, 3, 'Tránsito'),
(427, 3, 'Tuclame'),
(428, 3, 'Tío Pujio'),
(429, 3, 'Ucacha'),
(430, 3, 'Unquillo'),
(431, 3, 'Va.Ciudad Pque.Los Reartes (1° Sección)'),
(432, 3, 'Va.Ciudad Pque.Los Reartes (3° Sección)'),
(433, 3, 'Valle Hermoso'),
(434, 3, 'Valle de Anisacate'),
(435, 3, 'Viamonte'),
(436, 3, 'Vicuña Mackenna'),
(437, 3, 'Villa Allende'),
(438, 3, 'Villa Alpina'),
(439, 3, 'Villa Amancay'),
(440, 3, 'Villa Ascasubi'),
(441, 3, 'Villa Berna'),
(442, 3, 'Villa Candelaria'),
(443, 3, 'Villa Carlos Paz'),
(444, 3, 'Villa Cerro Azul'),
(445, 3, 'Villa Ciudad Parque Los Reartes'),
(446, 3, 'Villa Ciudad de América'),
(447, 3, 'Villa Concepción del Tío'),
(448, 3, 'Villa Corazón de María'),
(449, 3, 'Villa Cura Brochero'),
(450, 3, 'Villa Dolores'),
(451, 3, 'Villa El Chacay'),
(452, 3, 'Villa El Tala'),
(453, 3, 'Villa Elisa'),
(454, 3, 'Villa Flor Serrana'),
(455, 3, 'Villa Fontana'),
(456, 3, 'Villa General Belgrano'),
(457, 3, 'Villa Giardino'),
(458, 3, 'Villa Gutiérrez'),
(459, 3, 'Villa Huidobro'),
(460, 3, 'Villa La Bolsa'),
(461, 3, 'Villa La Rivera'),
(462, 3, 'Villa La Viña'),
(463, 3, 'Villa Lago Azul'),
(464, 3, 'Villa Los Aromos'),
(465, 3, 'Villa Los Llanos'),
(466, 3, 'Villa Los Llanos - Juárez Celman'),
(467, 3, 'Villa Los Patos'),
(468, 3, 'Villa María'),
(469, 3, 'Villa Nueva'),
(470, 3, 'Villa Oeste'),
(471, 3, 'Villa Parque Santa Ana'),
(472, 3, 'Villa Parque Siquimán'),
(473, 3, 'Villa Pastora'),
(474, 3, 'Villa Quillinzo'),
(475, 3, 'Villa Reducción'),
(476, 3, 'Villa Rossi'),
(477, 3, 'Villa Rumipal'),
(478, 3, 'Villa Río Icho Cruz'),
(479, 3, 'Villa San Esteban'),
(480, 3, 'Villa San Isidro'),
(481, 3, 'Villa San Miguel'),
(482, 3, 'Villa Santa Cruz del Lago'),
(483, 3, 'Villa Sarmiento'),
(484, 3, 'Villa Tulumba'),
(485, 3, 'Villa Valeria'),
(486, 3, 'Villa Yacanto'),
(487, 3, 'Villa de María'),
(488, 3, 'Villa de Pocho'),
(489, 3, 'Villa de Soto'),
(490, 3, 'Villa de las Rosas'),
(491, 3, 'Villa del Dique'),
(492, 3, 'Villa del Prado'),
(493, 3, 'Villa del Rosario'),
(494, 3, 'Villa del Totoral'),
(495, 3, 'Villa del Tránsito'),
(496, 3, 'Washington'),
(497, 3, 'Wenceslao Escalante'),
(512, 5, '10ma Sección'),
(513, 5, '11va Sección'),
(514, 5, '1ra Sección'),
(515, 5, '25 de Mayo'),
(516, 5, '2da Sección'),
(517, 5, '3 de Mayo'),
(518, 5, '3ra Sección'),
(519, 5, '4ta Sección'),
(520, 5, '5ta Sección'),
(521, 5, '6ta Sección'),
(522, 5, '7ma Sección'),
(523, 5, '8va Sección'),
(524, 5, '9na Sección'),
(525, 5, 'Agrelo'),
(526, 5, 'Agua Escondida'),
(527, 5, 'Alto Verde'),
(528, 5, 'Andrade'),
(529, 5, 'Barrancas'),
(530, 5, 'Barrio 12 de Octubre'),
(531, 5, 'Barrio Alto del Olvido'),
(532, 5, 'Barrio Belgrano Norte'),
(533, 5, 'Barrio Carrasco'),
(534, 5, 'Barrio Chivilcoy'),
(535, 5, 'Barrio Cooperativa Los Campamentos'),
(536, 5, 'Barrio El Cepillo'),
(537, 5, 'Barrio El Nevado'),
(538, 5, 'Barrio Emanuel'),
(539, 5, 'Barrio Empleados de Comercio'),
(540, 5, 'Barrio Intendencia'),
(541, 5, 'Barrio Jesús de Nazaret'),
(542, 5, 'Barrio Jocolí II'),
(543, 5, 'Barrio La Estación'),
(544, 5, 'Barrio La Palmera'),
(545, 5, 'Barrio La Pega'),
(546, 5, 'Barrio Lagunas de Bartoluzzi'),
(547, 5, 'Barrio Los Charabones'),
(548, 5, 'Barrio Los Jarilleros'),
(549, 5, 'Barrio Los Olivos'),
(550, 5, 'Barrio María Auxiliadora'),
(551, 5, 'Barrio Molina Cabrera'),
(552, 5, 'Barrio Ntra. Sra. De Fátima'),
(553, 5, 'Barrio Perdriel IV'),
(554, 5, 'Barrio Rivadavia'),
(555, 5, 'Barrio San Cayetano'),
(556, 5, 'Barrio Virgen del Rosario'),
(557, 5, 'Bermejo'),
(558, 5, 'Blanco Encalada'),
(559, 5, 'Bowen'),
(560, 5, 'Buena Nueva'),
(561, 5, 'Cacheuta'),
(562, 5, 'Campo Los Andes'),
(563, 5, 'Capdevila'),
(564, 5, 'Capilla del Rosario'),
(565, 5, 'Capitán Montoya'),
(566, 5, 'Carmensa'),
(567, 5, 'Carrodilla'),
(568, 5, 'Chacras de Coria'),
(569, 5, 'Chapanay'),
(570, 5, 'Chilecito'),
(571, 5, 'Chivilcoy'),
(572, 5, 'Ciudad Luján de Cuyo'),
(573, 5, 'Ciudad de Godoy Cruz'),
(574, 5, 'Ciudad de Las Heras'),
(575, 5, 'Ciudad de Maipú'),
(576, 5, 'Colonia Las Rosas'),
(577, 5, 'Colonia Segovia'),
(578, 5, 'Coquimbito'),
(579, 5, 'Cordón del Plata'),
(580, 5, 'Costa Flores'),
(581, 5, 'Costa de Araujo'),
(582, 5, 'Cruz de Piedra'),
(583, 5, 'Cuadro Benegas'),
(584, 5, 'Cuadro Nacional'),
(585, 5, 'Cuadro Ortega'),
(586, 5, 'Desaguadero'),
(587, 5, 'Dorrego'),
(588, 5, 'El Algarrobal'),
(589, 5, 'El Borbollón'),
(590, 5, 'El Carrizal'),
(591, 5, 'El Challao'),
(592, 5, 'El Espino'),
(593, 5, 'El Manzano'),
(594, 5, 'El Mirador'),
(595, 5, 'El Nihuil'),
(596, 5, 'El Paramillo'),
(597, 5, 'El Pedregal'),
(598, 5, 'El Peral'),
(599, 5, 'El Plumerillo'),
(600, 5, 'El Ramblón'),
(601, 5, 'El Resguardo'),
(602, 5, 'El Salto'),
(603, 5, 'El Sauce'),
(604, 5, 'El Sosneado'),
(605, 5, 'El Tropezón'),
(606, 5, 'El Vergel'),
(607, 5, 'El Zampal'),
(608, 5, 'El Zapallar'),
(609, 5, 'Eugenio Bustos'),
(610, 5, 'Fray Luis Beltrán'),
(611, 5, 'General Alvear'),
(612, 5, 'General Belgrano'),
(613, 5, 'General Gutiérrez'),
(614, 5, 'Gobernador Benegas'),
(615, 5, 'Godoy Cruz'),
(616, 5, 'Goudge'),
(617, 5, 'Guaymallén'),
(618, 5, 'Ingeniero Giagnoni'),
(619, 5, 'Ingeniero Gustavo André'),
(620, 5, 'Jaime Prats'),
(621, 5, 'Jesús Nazareno'),
(622, 5, 'Jocolí'),
(623, 5, 'Jocolí Viejo'),
(624, 5, 'Junín'),
(625, 5, 'La Arboleda'),
(626, 5, 'La Central'),
(627, 5, 'La Cieneguita'),
(628, 5, 'La Colonia'),
(629, 5, 'La Consulta'),
(630, 5, 'La Dormida'),
(631, 5, 'La Esperanza'),
(632, 5, 'La Florida'),
(633, 5, 'La Libertad'),
(634, 5, 'La Llave Nueva'),
(635, 5, 'La Paz'),
(636, 5, 'La Primavera'),
(637, 5, 'La Puntilla'),
(638, 5, 'Las Catitas'),
(639, 5, 'Las Cañas'),
(640, 5, 'Las Compuertas'),
(641, 5, 'Las Cuevas'),
(642, 5, 'Las Heras'),
(643, 5, 'Las Leñas'),
(644, 5, 'Las Malvinas'),
(645, 5, 'Las Tortugas'),
(646, 5, 'Las Vegas'),
(647, 5, 'Las Violetas'),
(648, 5, 'Los Barriales'),
(649, 5, 'Los Campamentos'),
(650, 5, 'Los Compartos'),
(651, 5, 'Los Corralitos'),
(652, 5, 'Los Penitentes'),
(653, 5, 'Los Reyunos'),
(654, 5, 'Los Sauces'),
(655, 5, 'Los Árboles'),
(656, 5, 'Luján de Cuyo'),
(657, 5, 'Luzuriaga'),
(658, 5, 'Maipú'),
(659, 5, 'Malargüe'),
(660, 5, 'Mayor Drummond'),
(661, 5, 'Medrano'),
(662, 5, 'Mendoza'),
(663, 5, 'Monte Comán'),
(664, 5, 'Montecaseros'),
(665, 5, 'Mundo Nuevo'),
(666, 5, 'Nueva California'),
(667, 5, 'Nueva Ciudad'),
(668, 5, 'Palmira'),
(669, 5, 'Panquehuá'),
(670, 5, 'Pareditas'),
(671, 5, 'Pedro Molina'),
(672, 5, 'Perdriel'),
(673, 5, 'Phillips'),
(674, 5, 'Pobre Diablo'),
(675, 5, 'Polvaredas'),
(676, 5, 'Potrerillos'),
(677, 5, 'Presidente Sarmiento'),
(678, 5, 'Puente de Hierro'),
(679, 5, 'Puente del Inca'),
(680, 5, 'Punta de Vacas'),
(681, 5, 'Punta del Agua'),
(682, 5, 'Rama Caída'),
(683, 5, 'Real del Padre'),
(684, 5, 'Reducción de Abajo'),
(685, 5, 'Rivadavia'),
(686, 5, 'Rodeo de la Cruz'),
(687, 5, 'Rodeo del Medio'),
(688, 5, 'Rodríguez Peña'),
(689, 5, 'Salto de las Rosas'),
(690, 5, 'San Carlos'),
(691, 5, 'San Francisco del Monte'),
(692, 5, 'San José'),
(693, 5, 'San Martín'),
(694, 5, 'San Rafael'),
(695, 5, 'San Roque'),
(696, 5, 'Santa María de Oro'),
(697, 5, 'Santa Rosa'),
(698, 5, 'Sierras de Encalada'),
(699, 5, 'Tres Porteñas'),
(700, 5, 'Tunuyán'),
(701, 5, 'Tupungato'),
(702, 5, 'Ugarteche'),
(703, 5, 'Uspallata'),
(704, 5, 'Villa Antigua'),
(705, 5, 'Villa Atuel'),
(706, 5, 'Villa Atuel Norte'),
(707, 5, 'Villa Bastias'),
(708, 5, 'Villa Nueva'),
(709, 5, 'Villa Teresa'),
(710, 5, 'Villa Tulumaya'),
(711, 5, 'Vista Flores'),
(712, 5, 'Vistalba'),
(767, 1, '11 de Septiembre'),
(768, 1, '12 de Octubre'),
(769, 1, '16 de Julio'),
(770, 1, '17 de Agosto'),
(771, 1, '20 de Junio'),
(772, 1, '25 de Mayo'),
(773, 1, '30 de Agosto'),
(774, 1, '9 de Abril'),
(775, 1, '9 de Julio'),
(776, 1, 'Abasto'),
(777, 1, 'Abbott'),
(778, 1, 'Acasusso'),
(779, 1, 'Acevedo'),
(780, 1, 'Adolfo Gonzales Chaves'),
(781, 1, 'Adrogué'),
(782, 1, 'Aeropuerto Internacional Ezeiza'),
(783, 1, 'Aguas Verdes'),
(784, 1, 'Agustina'),
(785, 1, 'Agustín Mosconi'),
(786, 1, 'Agustín Roca'),
(787, 1, 'Alberdi Viejo'),
(788, 1, 'Alberti'),
(789, 1, 'Aldo Bonzi'),
(790, 1, 'Alejandro Korn'),
(791, 1, 'Alejandro Petión'),
(792, 1, 'Alfredo Demarchi'),
(793, 1, 'Almirante Brown'),
(794, 1, 'Altamirano'),
(795, 1, 'Alvarez Jonte'),
(796, 1, 'América'),
(797, 1, 'Andant'),
(798, 1, 'Antonio Carboni'),
(799, 1, 'Aparicio'),
(800, 1, 'Arana'),
(801, 1, 'Arboledas'),
(802, 1, 'Arenas Verdes'),
(803, 1, 'Arenaza'),
(804, 1, 'Argerich'),
(805, 1, 'Ariel'),
(806, 1, 'Arrecifes'),
(807, 1, 'Arribeños'),
(808, 1, 'Arroyo Corto'),
(809, 1, 'Arroyo Dulce'),
(810, 1, 'Arroyo Venado'),
(811, 1, 'Arroyo de la Cruz'),
(812, 1, 'Arturo Seguí'),
(813, 1, 'Ascensión'),
(814, 1, 'Atalaya'),
(815, 1, 'Atlántida'),
(816, 1, 'Avellaneda'),
(817, 1, 'Ayacucho'),
(818, 1, 'Azcuénaga'),
(819, 1, 'Azopardo'),
(820, 1, 'Azul'),
(821, 1, 'Bahía Blanca'),
(822, 1, 'Bahía San Blas'),
(823, 1, 'Baigorrita'),
(824, 1, 'Bajo Hondo'),
(825, 1, 'Balcarce'),
(826, 1, 'Balneario Laguna de Gómez'),
(827, 1, 'Balneario Orense'),
(828, 1, 'Balneario Pehuen Co'),
(829, 1, 'Balneario San Cayetano'),
(830, 1, 'Balneario Sauce Grande'),
(831, 1, 'Banderaló'),
(832, 1, 'Banfield'),
(833, 1, 'Baradero'),
(834, 1, 'Barker'),
(835, 1, 'Barrio América Unida'),
(836, 1, 'Barrio Banco Provincia'),
(837, 1, 'Barrio Colinas Verdes'),
(838, 1, 'Barrio El Carmen Este'),
(839, 1, 'Barrio El Carmen Oeste'),
(840, 1, 'Barrio El Casal'),
(841, 1, 'Barrio El Coyunco'),
(842, 1, 'Barrio El Taladro'),
(843, 1, 'Barrio Gambier'),
(844, 1, 'Barrio Kennedy'),
(845, 1, 'Barrio La Gloria'),
(846, 1, 'Barrio Las Casuarinas'),
(847, 1, 'Barrio Las Golondrinas'),
(848, 1, 'Barrio Las Malvinas'),
(849, 1, 'Barrio Las Margaritas'),
(850, 1, 'Barrio Las Quintas'),
(851, 1, 'Barrio Lisandro de la Torre y Santa Marta'),
(852, 1, 'Barrio Los Bosquecitos'),
(853, 1, 'Barrio Los Pioneros (Barrio Tavella)'),
(854, 1, 'Barrio Morabo'),
(855, 1, 'Barrio Parque General San Martín'),
(856, 1, 'Barrio Parque Las Acacias'),
(857, 1, 'Barrio Ruta 24 Kilómetro 10'),
(858, 1, 'Barrio Río Salado'),
(859, 1, 'Barrio Saavedra'),
(860, 1, 'Barrio San Cayetano'),
(861, 1, 'Barrio Santa Paula'),
(862, 1, 'Barrio Universitario'),
(863, 1, 'Batán'),
(864, 1, 'Bayauca'),
(865, 1, 'Bella Vista'),
(866, 1, 'Bellocq'),
(867, 1, 'Belén de Escobar'),
(868, 1, 'Benavídez'),
(869, 1, 'Benito Juárez'),
(870, 1, 'Berazategui'),
(871, 1, 'Berazategui Oeste'),
(872, 1, 'Berdier'),
(873, 1, 'Berisso'),
(874, 1, 'Bermúdez'),
(875, 1, 'Bernal'),
(876, 1, 'Bernal Oeste'),
(877, 1, 'Berutti'),
(878, 1, 'Billinghurst'),
(879, 1, 'Blaquier'),
(880, 1, 'Bocayuva'),
(881, 1, 'Bordenave'),
(882, 1, 'Bosques'),
(883, 1, 'Boulogne Sur Mer'),
(884, 1, 'Bragado'),
(885, 1, 'Burzaco'),
(886, 1, 'Béccar'),
(887, 1, 'Cabildo'),
(888, 1, 'Cacharí'),
(889, 1, 'Cadret'),
(890, 1, 'Camet'),
(891, 1, 'Camet Norte'),
(892, 1, 'Campo de Mayo'),
(893, 1, 'Campos Salles'),
(894, 1, 'Canning'),
(895, 1, 'Capitán Castro'),
(896, 1, 'Capitán Sarmiento'),
(897, 1, 'Carapachay'),
(898, 1, 'Cardenal Cagliero'),
(899, 1, 'Carhué'),
(900, 1, 'Cariló'),
(901, 1, 'Carlos Beguerie'),
(902, 1, 'Carlos Casares'),
(903, 1, 'Carlos Keen'),
(904, 1, 'Carlos María Naón'),
(905, 1, 'Carlos Salas'),
(906, 1, 'Carlos Spegazzini'),
(907, 1, 'Carlos Tejedor'),
(908, 1, 'Carlos Tomás Sourigues'),
(909, 1, 'Carmen de Areco'),
(910, 1, 'Carmen de Patagones'),
(911, 1, 'Casalins'),
(912, 1, 'Casbas'),
(913, 1, 'Cascada'),
(914, 1, 'Caseros'),
(915, 1, 'Castelar'),
(916, 1, 'Castelli'),
(917, 1, 'Castilla'),
(918, 1, 'Cazón'),
(919, 1, 'Cañada Seca'),
(920, 1, 'Cañuelas'),
(921, 1, 'Centro Guerrero'),
(922, 1, 'Cerro de la Gloria'),
(923, 1, 'Chacabuco'),
(924, 1, 'Chapadmalal'),
(925, 1, 'Chascomús'),
(926, 1, 'Chasicó'),
(927, 1, 'Chillar'),
(928, 1, 'Chivilcoy'),
(929, 1, 'Churruca'),
(930, 1, 'City Bell'),
(931, 1, 'Ciudad Evita'),
(932, 1, 'Ciudad Jardín El Libertador'),
(933, 1, 'Ciudad Jardín Lomas del Palomar'),
(934, 1, 'Ciudad del Libertador General San Martín'),
(935, 1, 'Ciudadela'),
(936, 1, 'Claraz'),
(937, 1, 'Claromecó'),
(938, 1, 'Claypole'),
(939, 1, 'Colonia Hinojo'),
(940, 1, 'Colonia Mauricio'),
(941, 1, 'Colonia San Martín'),
(942, 1, 'Colonia San Miguel'),
(943, 1, 'Colonia San Miguel Arcángel'),
(944, 1, 'Colonia San Ricardo'),
(945, 1, 'Colonia Seré'),
(946, 1, 'Colón'),
(947, 1, 'Comandante Nicanor Otamendi'),
(948, 1, 'Comodoro Py'),
(949, 1, 'Conesa'),
(950, 1, 'Copetonas'),
(951, 1, 'Coronel Boerr'),
(952, 1, 'Coronel Brandsen'),
(953, 1, 'Coronel Charlone'),
(954, 1, 'Coronel Dorrego'),
(955, 1, 'Coronel Martínez de Hoz'),
(956, 1, 'Coronel Pringles'),
(957, 1, 'Coronel Seguí'),
(958, 1, 'Coronel Suárez'),
(959, 1, 'Coronel Vidal'),
(960, 1, 'Cortines'),
(961, 1, 'Costa Bonita'),
(962, 1, 'Country Club Bosque Real'),
(963, 1, 'Country Club Las Praderas'),
(964, 1, 'Crotto'),
(965, 1, 'Crucesita'),
(966, 1, 'Cuartel V'),
(967, 1, 'Cucullú'),
(968, 1, 'Curamalal'),
(969, 1, 'Curarú'),
(970, 1, 'D\'Orbigny'),
(971, 1, 'Daireaux'),
(972, 1, 'Darregueira'),
(973, 1, 'De Bary'),
(974, 1, 'De La Garma'),
(975, 1, 'De la Canal'),
(976, 1, 'Del Carril'),
(977, 1, 'Del Valle'),
(978, 1, 'Del Viso'),
(979, 1, 'Delfín Huergo'),
(980, 1, 'Dique Luján'),
(981, 1, 'Dique N° 1'),
(982, 1, 'Dock Sud'),
(983, 1, 'Dolores'),
(984, 1, 'Domselaar'),
(985, 1, 'Don Bosco'),
(986, 1, 'Don Orione'),
(987, 1, 'Don Torcuato Este'),
(988, 1, 'Don Torcuato Oeste'),
(989, 1, 'Dudignac'),
(990, 1, 'Dufaur'),
(991, 1, 'Duggan'),
(992, 1, 'Dunamar'),
(993, 1, 'El Cazador'),
(994, 1, 'El Divisorio'),
(995, 1, 'El Dorado'),
(996, 1, 'El Jagüel'),
(997, 1, 'El Libertador'),
(998, 1, 'El Marquesado'),
(999, 1, 'El Palomar'),
(1000, 1, 'El Paraíso'),
(1001, 1, 'El Pato'),
(1002, 1, 'El Pensamiento'),
(1003, 1, 'El Perdido'),
(1004, 1, 'El Remanso'),
(1005, 1, 'El Retiro'),
(1006, 1, 'El Talar'),
(1007, 1, 'El Trigo'),
(1008, 1, 'El Triunfo'),
(1009, 1, 'El Tropezón'),
(1010, 1, 'Elvira'),
(1011, 1, 'Emilio Ayarza'),
(1012, 1, 'Emilio V. Bunge'),
(1013, 1, 'Ensenada'),
(1014, 1, 'Erezcano'),
(1015, 1, 'Ernestina'),
(1016, 1, 'Escalada'),
(1017, 1, 'Escobar'),
(1018, 1, 'Espartillar'),
(1019, 1, 'Espigas'),
(1020, 1, 'Estación Arenales'),
(1021, 1, 'Estación Camet'),
(1022, 1, 'Estación Chapadmalal'),
(1023, 1, 'Estanislao Severo Zeballos'),
(1024, 1, 'Esteban Agustín Gascón'),
(1025, 1, 'Esteban Echeverría'),
(1026, 1, 'Estela'),
(1027, 1, 'Ezeiza'),
(1028, 1, 'Ezpeleta'),
(1029, 1, 'Ezpeleta Oeste'),
(1030, 1, 'Faro'),
(1031, 1, 'Felipe Solá'),
(1032, 1, 'Ferré'),
(1033, 1, 'Florencio Varela'),
(1034, 1, 'Florentino Ameghino'),
(1035, 1, 'Florida'),
(1036, 1, 'Florida Oeste'),
(1037, 1, 'Fontezuela'),
(1038, 1, 'Fortín Acha'),
(1039, 1, 'Fortín Olavarría'),
(1040, 1, 'Fortín Tiburcio'),
(1041, 1, 'Francisco Madero'),
(1042, 1, 'Francisco Álvarez'),
(1043, 1, 'Franklin'),
(1044, 1, 'Frente Mar'),
(1045, 1, 'Fátima'),
(1046, 1, 'Gahan'),
(1047, 1, 'Gardey'),
(1048, 1, 'Garré'),
(1049, 1, 'Garín'),
(1050, 1, 'General Alvear'),
(1051, 1, 'General Arenales'),
(1052, 1, 'General Belgrano'),
(1053, 1, 'General Conesa'),
(1054, 1, 'General Daniel Cerri'),
(1055, 1, 'General Guido'),
(1056, 1, 'General Hornos'),
(1057, 1, 'General Juan Madariaga'),
(1058, 1, 'General La Madrid'),
(1059, 1, 'General Las Heras'),
(1060, 1, 'General Lavalle'),
(1061, 1, 'General Mansilla'),
(1062, 1, 'General O\'Brien'),
(1063, 1, 'General Pacheco'),
(1064, 1, 'General Pinto'),
(1065, 1, 'General Pirán'),
(1066, 1, 'General Rivas'),
(1067, 1, 'General Rodríguez'),
(1068, 1, 'General Rojo'),
(1069, 1, 'General San Martín'),
(1070, 1, 'General Villegas'),
(1071, 1, 'Gerli'),
(1072, 1, 'Germania'),
(1073, 1, 'Girodias'),
(1074, 1, 'Glew'),
(1075, 1, 'Gobernador Castro'),
(1076, 1, 'Gobernador Julio A. Costa'),
(1077, 1, 'Gobernador Udaondo'),
(1078, 1, 'Gobernador Ugarte'),
(1079, 1, 'González Catán'),
(1080, 1, 'González Moreno'),
(1081, 1, 'Gorchs'),
(1082, 1, 'Gorostiaga'),
(1083, 1, 'Gowland'),
(1084, 1, 'Goyena'),
(1085, 1, 'Grand Bourg'),
(1086, 1, 'Gregorio de Laferrere'),
(1087, 1, 'Grünbein'),
(1088, 1, 'Guaminí'),
(1089, 1, 'Guernica'),
(1090, 1, 'Guerrico'),
(1091, 1, 'Guillermo Enrique Hudson'),
(1092, 1, 'Gómez'),
(1093, 1, 'Haedo'),
(1094, 1, 'Hale'),
(1095, 1, 'Henderson'),
(1096, 1, 'Herrera Vegas'),
(1097, 1, 'Hilario Ascasubi'),
(1098, 1, 'Hinojo'),
(1099, 1, 'Hortensia'),
(1100, 1, 'Huanguelén'),
(1101, 1, 'Hurlingham'),
(1102, 1, 'Indio Rico'),
(1103, 1, 'Ingeniero Adolfo Sourdeaux'),
(1104, 1, 'Ingeniero Juan Allan'),
(1105, 1, 'Ingeniero Maschwitz'),
(1106, 1, 'Ingeniero Pablo Nogués'),
(1107, 1, 'Ingeniero Thompson'),
(1108, 1, 'Ingeniero White'),
(1109, 1, 'Inés Indart'),
(1110, 1, 'Irala'),
(1111, 1, 'Irene'),
(1112, 1, 'Irineo Portela'),
(1113, 1, 'Isidro Casanova'),
(1114, 1, 'Isla Santiago'),
(1115, 1, 'Ituzaingó'),
(1116, 1, 'Ituzaingó Centro'),
(1117, 1, 'Ituzaingó Sur'),
(1118, 1, 'Jeppener'),
(1119, 1, 'Joaquín Gorina'),
(1120, 1, 'Jorge Born'),
(1121, 1, 'José B. Casas'),
(1122, 1, 'José C. Paz'),
(1123, 1, 'José Hernández'),
(1124, 1, 'José Ingenieros'),
(1125, 1, 'José Juan Almeyra'),
(1126, 1, 'José María Ezeiza'),
(1127, 1, 'José Melchor Romero'),
(1128, 1, 'José Mármol'),
(1129, 1, 'Juan A. Pradere'),
(1130, 1, 'Juan A. de la Peña'),
(1131, 1, 'Juan Anchorena'),
(1132, 1, 'Juan Bautista Alberdi'),
(1133, 1, 'Juan Cousté'),
(1134, 1, 'Juan E. Barra'),
(1135, 1, 'Juan F. Ibarra'),
(1136, 1, 'Juan F. Salaberry'),
(1137, 1, 'Juan José Paso'),
(1138, 1, 'Juan María Gutiérrez'),
(1139, 1, 'Juan N. Fernández'),
(1140, 1, 'Junín'),
(1141, 1, 'La Angelita'),
(1142, 1, 'La Armonía'),
(1143, 1, 'La Aurora'),
(1144, 1, 'La Baliza'),
(1145, 1, 'La Beba'),
(1146, 1, 'La Caleta'),
(1147, 1, 'La Capilla'),
(1148, 1, 'La Carreta'),
(1149, 1, 'La Choza'),
(1150, 1, 'La Colina'),
(1151, 1, 'La Constancia'),
(1152, 1, 'La Cumbre'),
(1153, 1, 'La Delfina'),
(1154, 1, 'La Emilia'),
(1155, 1, 'La Gruta'),
(1156, 1, 'La Invencible'),
(1157, 1, 'La Larga'),
(1158, 1, 'La Limpia'),
(1159, 1, 'La Lonja'),
(1160, 1, 'La Lucila'),
(1161, 1, 'La Luisa'),
(1162, 1, 'La Matanza'),
(1163, 1, 'La Pala'),
(1164, 1, 'La Plata'),
(1165, 1, 'La Reja'),
(1166, 1, 'La Rica'),
(1167, 1, 'La Sofía'),
(1168, 1, 'La Tablada'),
(1169, 1, 'La Trinidad'),
(1170, 1, 'La Unión'),
(1171, 1, 'La Violeta'),
(1172, 1, 'Labardén'),
(1173, 1, 'Laguna Alsina'),
(1174, 1, 'Laguna de Lobos'),
(1175, 1, 'Lanús'),
(1176, 1, 'Lanús Este'),
(1177, 1, 'Lanús Oeste'),
(1178, 1, 'Laplacette'),
(1179, 1, 'Laprida'),
(1180, 1, 'Lartigau'),
(1181, 1, 'Las Armas'),
(1182, 1, 'Las Bahamas'),
(1183, 1, 'Las Carabelas'),
(1184, 1, 'Las Flores'),
(1185, 1, 'Las Marianas'),
(1186, 1, 'Las Martinetas'),
(1187, 1, 'Las Toninas'),
(1188, 1, 'Las Toscas'),
(1189, 1, 'Leandro N. Alem'),
(1190, 1, 'Lezica y Torrezuri'),
(1191, 1, 'Libertad'),
(1192, 1, 'Licenciado Matienzo'),
(1193, 1, 'Lima'),
(1194, 1, 'Lin Calel'),
(1195, 1, 'Lincoln'),
(1196, 1, 'Lisandro Olmos'),
(1197, 1, 'Llavallol'),
(1198, 1, 'Lobería'),
(1199, 1, 'Lobos'),
(1200, 1, 'Loma Hermosa'),
(1201, 1, 'Loma Verde'),
(1202, 1, 'Lomas de Zamora'),
(1203, 1, 'Lomas del Mirador'),
(1204, 1, 'Longchamps'),
(1205, 1, 'Los Angeles'),
(1206, 1, 'Los Cachorros'),
(1207, 1, 'Los Cardales'),
(1208, 1, 'Los Hornos'),
(1209, 1, 'Los Indios'),
(1210, 1, 'Los Naranjos'),
(1211, 1, 'Los Pinos'),
(1212, 1, 'Los Polvorines'),
(1213, 1, 'Los Talas'),
(1214, 1, 'Los Toldos'),
(1215, 1, 'Lucas Monteverde'),
(1216, 1, 'Lucila del Mar'),
(1217, 1, 'Luis Guillón'),
(1218, 1, 'Luján'),
(1219, 1, 'Líbano'),
(1220, 1, 'López'),
(1221, 1, 'López Lecube'),
(1222, 1, 'Magdala'),
(1223, 1, 'Magdalena'),
(1224, 1, 'Maipú'),
(1225, 1, 'Malvinas Argentinas'),
(1226, 1, 'Manuel B. Gonnet'),
(1227, 1, 'Manuel J. Cobo'),
(1228, 1, 'Manuel Ocampo'),
(1229, 1, 'Manzanares'),
(1230, 1, 'Manzone'),
(1231, 1, 'Maquinista F. Savio Este'),
(1232, 1, 'Maquinista F. Savio Oeste'),
(1233, 1, 'Mar Azul'),
(1234, 1, 'Mar Chiquita'),
(1235, 1, 'Mar de Ajó'),
(1236, 1, 'Mar de Ajó - San Bernardo'),
(1237, 1, 'Mar de Ajó Norte'),
(1238, 1, 'Mar de Cobo'),
(1239, 1, 'Mar de las Pampas'),
(1240, 1, 'Mar del Plata'),
(1241, 1, 'Mar del Sur'),
(1242, 1, 'Mar del Tuyú'),
(1243, 1, 'Marcelino Ugarte'),
(1244, 1, 'Marcos Paz'),
(1245, 1, 'Mariano Acosta'),
(1246, 1, 'Mariano Benítez'),
(1247, 1, 'Mariano H. Alfonzo'),
(1248, 1, 'Marisol'),
(1249, 1, 'Martín Coronado'),
(1250, 1, 'Martínez'),
(1251, 1, 'María Ignacia'),
(1252, 1, 'Massey'),
(1253, 1, 'Matheu'),
(1254, 1, 'Mauricio Hirsch'),
(1255, 1, 'Mayor Buratovich'),
(1256, 1, 'Maza'),
(1257, 1, 'Mechita'),
(1258, 1, 'Mechongué'),
(1259, 1, 'Mercedes'),
(1260, 1, 'Merlo'),
(1261, 1, 'Micaela Cascallares'),
(1262, 1, 'Ministro Rivadavia'),
(1263, 1, 'Mira Pampa'),
(1264, 1, 'Miramar'),
(1265, 1, 'Moctezuma'),
(1266, 1, 'Mones Cazón'),
(1267, 1, 'Monte Chingolo'),
(1268, 1, 'Monte Grande'),
(1269, 1, 'Monte Hermoso'),
(1270, 1, 'Moquehuá'),
(1271, 1, 'Morea'),
(1272, 1, 'Moreno'),
(1273, 1, 'Morón'),
(1274, 1, 'Munro'),
(1275, 1, 'Muñiz'),
(1276, 1, 'Médanos'),
(1277, 1, 'Napaleofú'),
(1278, 1, 'Navarro'),
(1279, 1, 'Necochea'),
(1280, 1, 'Necochea - Quequén'),
(1281, 1, 'Nicanor Olivera'),
(1282, 1, 'Norberto de la Riestra'),
(1283, 1, 'Norumbega'),
(1284, 1, 'Nueva Plata'),
(1285, 1, 'O\'Higgins'),
(1286, 1, 'Obligado'),
(1287, 1, 'Ochandío'),
(1288, 1, 'Olascoaga'),
(1289, 1, 'Olavarría'),
(1290, 1, 'Oliden'),
(1291, 1, 'Olivera'),
(1292, 1, 'Olivos'),
(1293, 1, 'Open Door'),
(1294, 1, 'Ordoqui'),
(1295, 1, 'Orense'),
(1296, 1, 'Oriente'),
(1297, 1, 'Ostende'),
(1298, 1, 'Pablo Podestá'),
(1299, 1, 'Parada Orlando'),
(1300, 1, 'Parada Robles'),
(1301, 1, 'Parada Robles - Pavón'),
(1302, 1, 'Pardo'),
(1303, 1, 'Pasman'),
(1304, 1, 'Paso del Rey'),
(1305, 1, 'Pasteur'),
(1306, 1, 'Patricios'),
(1307, 1, 'Paula'),
(1308, 1, 'Pavón'),
(1309, 1, 'Pearson'),
(1310, 1, 'Pedernales'),
(1311, 1, 'Pedro Luro'),
(1312, 1, 'Pehuajó'),
(1313, 1, 'Pellegrini'),
(1314, 1, 'Pereyra'),
(1315, 1, 'Pergamino'),
(1316, 1, 'Pichincha'),
(1317, 1, 'Piedritas'),
(1318, 1, 'Pieres'),
(1319, 1, 'Pigüé'),
(1320, 1, 'Pila'),
(1321, 1, 'Pilar'),
(1322, 1, 'Pinamar'),
(1323, 1, 'Pinzón'),
(1324, 1, 'Pipinas'),
(1325, 1, 'Pirovano'),
(1326, 1, 'Piñeyro'),
(1327, 1, 'Pla'),
(1328, 1, 'Playa Dorada'),
(1329, 1, 'Plomer'),
(1330, 1, 'Plátanos'),
(1331, 1, 'Polvaredas'),
(1332, 1, 'Pontaut'),
(1333, 1, 'Pontevedra'),
(1334, 1, 'Porvenir'),
(1335, 1, 'Presidente Derqui'),
(1336, 1, 'Presidente Perón'),
(1337, 1, 'Pueblo Doyle'),
(1338, 1, 'Pueblo Gouin'),
(1339, 1, 'Pueblo Nuevo'),
(1340, 1, 'Pueblo San Jorge'),
(1341, 1, 'Punta Alta'),
(1342, 1, 'Punta Indio'),
(1343, 1, 'Punta Lara'),
(1344, 1, 'Punta Mogotes'),
(1345, 1, 'Puán'),
(1346, 1, 'Pérez Millán'),
(1347, 1, 'Quenumá'),
(1348, 1, 'Quequén'),
(1349, 1, 'Quilmes'),
(1350, 1, 'Quilmes Oeste'),
(1351, 1, 'Rafael Calzada'),
(1352, 1, 'Rafael Castillo'),
(1353, 1, 'Rafael Obligado'),
(1354, 1, 'Ramallo'),
(1355, 1, 'Ramos Mejía'),
(1356, 1, 'Ramos Otero'),
(1357, 1, 'Ramón Biaus'),
(1358, 1, 'Ramón Santamarina'),
(1359, 1, 'Rancagua'),
(1360, 1, 'Ranchos'),
(1361, 1, 'Ranelagh'),
(1362, 1, 'Rauch'),
(1363, 1, 'Rawson'),
(1364, 1, 'Recalde'),
(1365, 1, 'Remedios de Escalada'),
(1366, 1, 'Remedios de Escalada de San Martín'),
(1367, 1, 'Reta'),
(1368, 1, 'Ricardo Rojas'),
(1369, 1, 'Rincón de Milberg'),
(1370, 1, 'Ringuelet'),
(1371, 1, 'Rivera'),
(1372, 1, 'Roberto Cano'),
(1373, 1, 'Roberto J. Payró'),
(1374, 1, 'Roberto de Vicenzo'),
(1375, 1, 'Roberts'),
(1376, 1, 'Rojas'),
(1377, 1, 'Roosevelt'),
(1378, 1, 'Roque Pérez'),
(1379, 1, 'Rufino de Elizalde'),
(1380, 1, 'Río Tala'),
(1381, 1, 'Saavedra'),
(1382, 1, 'Saforcada'),
(1383, 1, 'Salazar'),
(1384, 1, 'Salliqueló'),
(1385, 1, 'Salto'),
(1386, 1, 'Salvador María'),
(1387, 1, 'Samborombón'),
(1388, 1, 'San Agustín'),
(1389, 1, 'San Andrés de Giles'),
(1390, 1, 'San Antonio de Areco'),
(1391, 1, 'San Antonio de Padua'),
(1392, 1, 'San Bernardo'),
(1393, 1, 'San Carlos de Bolívar'),
(1394, 1, 'San Cayetano'),
(1395, 1, 'San Clemente del Tuyú'),
(1396, 1, 'San Emilio'),
(1397, 1, 'San Enrique'),
(1398, 1, 'San Esteban'),
(1399, 1, 'San Fernando'),
(1400, 1, 'San Francisco Solano'),
(1401, 1, 'San Francisco de Bellocq'),
(1402, 1, 'San Germán'),
(1403, 1, 'San Isidro'),
(1404, 1, 'San José'),
(1405, 1, 'San Juan Bautista'),
(1406, 1, 'San Justo'),
(1407, 1, 'San Manuel'),
(1408, 1, 'San Mauricio'),
(1409, 1, 'San Mayol'),
(1410, 1, 'San Miguel'),
(1411, 1, 'San Miguel del Monte'),
(1412, 1, 'San Nicolás de los Arroyos'),
(1413, 1, 'San Pedro'),
(1414, 1, 'San Román'),
(1415, 1, 'San Sebastián'),
(1416, 1, 'San Vicente'),
(1417, 1, 'Sansinena'),
(1418, 1, 'Santa Clara del Mar'),
(1419, 1, 'Santa Coloma'),
(1420, 1, 'Santa Elena'),
(1421, 1, 'Santa Eleodora'),
(1422, 1, 'Santa Lucía'),
(1423, 1, 'Santa Luisa'),
(1424, 1, 'Santa María'),
(1425, 1, 'Santa Regina'),
(1426, 1, 'Santa Rosa'),
(1427, 1, 'Santa Teresa'),
(1428, 1, 'Santa Teresita'),
(1429, 1, 'Santa Teresita - Mar del Tuyú'),
(1430, 1, 'Santa Trinidad'),
(1431, 1, 'Santo Domingo'),
(1432, 1, 'Santos Lugares'),
(1433, 1, 'Sarandí'),
(1434, 1, 'Sarasa'),
(1435, 1, 'Sevigne'),
(1436, 1, 'Sierra Chica'),
(1437, 1, 'Sierra de los Padres'),
(1438, 1, 'Sierras Bayas'),
(1439, 1, 'Smith'),
(1440, 1, 'Sol de Mayo'),
(1441, 1, 'Solanet'),
(1442, 1, 'Solís'),
(1443, 1, 'Stroeder'),
(1444, 1, 'Suipacha'),
(1445, 1, 'Sundblad'),
(1446, 1, 'Sáenz Peña'),
(1447, 1, 'Tamangueyú'),
(1448, 1, 'Tandil'),
(1449, 1, 'Tapalqué'),
(1450, 1, 'Tapiales'),
(1451, 1, 'Tedín Uriburu'),
(1452, 1, 'Temperley'),
(1453, 1, 'Teniente Origone'),
(1454, 1, 'Tigre'),
(1455, 1, 'Timote'),
(1456, 1, 'Todd'),
(1457, 1, 'Tolosa'),
(1458, 1, 'Tornquist'),
(1459, 1, 'Torres'),
(1460, 1, 'Tortuguitas'),
(1461, 1, 'Transradio'),
(1462, 1, 'Trenque Lauquen'),
(1463, 1, 'Tres Algarrobos'),
(1464, 1, 'Tres Arroyos'),
(1465, 1, 'Tres Lomas'),
(1466, 1, 'Tres Picos'),
(1467, 1, 'Tres Sargentos'),
(1468, 1, 'Tres de Febrero'),
(1469, 1, 'Tristán Suárez'),
(1470, 1, 'Triunvirato'),
(1471, 1, 'Troncos del Talar'),
(1472, 1, 'Trongé'),
(1473, 1, 'Trujui'),
(1474, 1, 'Turdera'),
(1475, 1, 'Udaquiola'),
(1476, 1, 'Urdampilleta'),
(1477, 1, 'Uribelarrea'),
(1478, 1, 'Va.Marqués Alejandro María de Aguado'),
(1479, 1, 'Va.María Irene de los Remedios Escalada'),
(1480, 1, 'Valdés'),
(1481, 1, 'Valentín Alsina'),
(1482, 1, 'Valeria del Mar'),
(1483, 1, 'Vedia'),
(1484, 1, 'Velloso'),
(1485, 1, 'Verónica'),
(1486, 1, 'Vicente Casares'),
(1487, 1, 'Vicente López'),
(1488, 1, 'Victoria'),
(1489, 1, 'Vieytes'),
(1490, 1, 'Villa Adelina'),
(1491, 1, 'Villa Alfredo Fortabat'),
(1492, 1, 'Villa Alsina'),
(1493, 1, 'Villa Angélica'),
(1494, 1, 'Villa Argüello'),
(1495, 1, 'Villa Arrieta'),
(1496, 1, 'Villa Astolfi'),
(1497, 1, 'Villa Ayacucho'),
(1498, 1, 'Villa Ballester'),
(1499, 1, 'Villa Bernardo Monteagudo'),
(1500, 1, 'Villa Bordeau'),
(1501, 1, 'Villa Bosch'),
(1502, 1, 'Villa Brown'),
(1503, 1, 'Villa Cacique'),
(1504, 1, 'Villa Campi'),
(1505, 1, 'Villa Canto'),
(1506, 1, 'Villa Castelar'),
(1507, 1, 'Villa Catela'),
(1508, 1, 'Villa Centenario'),
(1509, 1, 'Villa Chacabuco'),
(1510, 1, 'Villa Coronel José M. Zapiola'),
(1511, 1, 'Villa Dolores'),
(1512, 1, 'Villa Domínico'),
(1513, 1, 'Villa Eduardo Madero'),
(1514, 1, 'Villa Elisa'),
(1515, 1, 'Villa Elvira'),
(1516, 1, 'Villa España'),
(1517, 1, 'Villa Esperanza'),
(1518, 1, 'Villa Espil'),
(1519, 1, 'Villa Espora'),
(1520, 1, 'Villa Fiorito'),
(1521, 1, 'Villa Flandria Norte'),
(1522, 1, 'Villa Flandria Sur'),
(1523, 1, 'Villa Fournier'),
(1524, 1, 'Villa Francia'),
(1525, 1, 'Villa Garibaldi'),
(1526, 1, 'Villa General Antonio J. de Sucre'),
(1527, 1, 'Villa General Arias'),
(1528, 1, 'Villa General Eugenio Necochea'),
(1529, 1, 'Villa General José Tomás Guido'),
(1530, 1, 'Villa General Juan G. Las Heras'),
(1531, 1, 'Villa General Savio'),
(1532, 1, 'Villa Gesell'),
(1533, 1, 'Villa Gobernador Udadondo'),
(1534, 1, 'Villa Godoy Cruz'),
(1535, 1, 'Villa Granaderos de San Martín'),
(1536, 1, 'Villa Gregoria Matorras'),
(1537, 1, 'Villa Grisolía'),
(1538, 1, 'Villa Independencia'),
(1539, 1, 'Villa Iris'),
(1540, 1, 'Villa José León Suárez'),
(1541, 1, 'Villa Juan Martín de Pueyrredón'),
(1542, 1, 'Villa La Arcadia'),
(1543, 1, 'Villa La Florida'),
(1544, 1, 'Villa La Serranía'),
(1545, 1, 'Villa Laguna La Brava'),
(1546, 1, 'Villa Libertad'),
(1547, 1, 'Villa Luzuriaga'),
(1548, 1, 'Villa Lynch'),
(1549, 1, 'Villa Lynch Pueyrredón'),
(1550, 1, 'Villa Lía'),
(1551, 1, 'Villa Maipú'),
(1552, 1, 'Villa Manuel Pomar'),
(1553, 1, 'Villa Margarita'),
(1554, 1, 'Villa Martelli'),
(1555, 1, 'Villa María'),
(1556, 1, 'Villa Moll'),
(1557, 1, 'Villa Montoro'),
(1558, 1, 'Villa Nueva'),
(1559, 1, 'Villa Ortiz'),
(1560, 1, 'Villa Parque Cecir'),
(1561, 1, 'Villa Parque Girado'),
(1562, 1, 'Villa Parque Presidente Figueroa Alcorta'),
(1563, 1, 'Villa Parque San Lorenzo'),
(1564, 1, 'Villa Parque Sicardi'),
(1565, 1, 'Villa Porteña'),
(1566, 1, 'Villa Progreso'),
(1567, 1, 'Villa Raffo'),
(1568, 1, 'Villa Ramallo'),
(1569, 1, 'Villa Riccio'),
(1570, 1, 'Villa Rodríguez'),
(1571, 1, 'Villa Rosa'),
(1572, 1, 'Villa Roth'),
(1573, 1, 'Villa Ruiz'),
(1574, 1, 'Villa Saboya'),
(1575, 1, 'Villa San Andrés'),
(1576, 1, 'Villa San Carlos'),
(1577, 1, 'Villa San José'),
(1578, 1, 'Villa San Luis'),
(1579, 1, 'Villa Santa Rosa'),
(1580, 1, 'Villa Santos Tesei'),
(1581, 1, 'Villa Sarmiento'),
(1582, 1, 'Villa Sauze'),
(1583, 1, 'Villa Vatteone'),
(1584, 1, 'Villa Ventana'),
(1585, 1, 'Villa Yapeyú'),
(1586, 1, 'Villa Zula'),
(1587, 1, 'Villa de Mayo'),
(1588, 1, 'Villa del Mar'),
(1589, 1, 'Villalonga'),
(1590, 1, 'Villanueva'),
(1591, 1, 'Virrey del Pino'),
(1592, 1, 'Virreyes'),
(1593, 1, 'Vivoratá'),
(1594, 1, 'Viña'),
(1595, 1, 'Vásquez'),
(1596, 1, 'Warnes'),
(1597, 1, 'Wilde'),
(1598, 1, 'William C. Morris'),
(1599, 1, 'Zavalía'),
(1600, 1, 'Zelaya'),
(1601, 1, 'Zenón Videla Dorna'),
(1602, 1, 'Zárate'),
(1603, 1, 'Álvarez de Toledo'),
(1604, 1, 'Ángel Etcheverry'),
(1605, 1, 'Área Reserva Cinturón Ecológico'),
(1606, 1, 'Área de Promoción El Triángulo'),
(1790, 6, 'Aconquija'),
(1791, 6, 'Alijilán'),
(1792, 6, 'Alto de las Juntas'),
(1793, 6, 'Amadores'),
(1794, 6, 'Amanao'),
(1795, 6, 'Ancasti'),
(1796, 6, 'Andalgalá'),
(1797, 6, 'Andalhualá'),
(1798, 6, 'Anillaco'),
(1799, 6, 'Anquincila'),
(1800, 6, 'Antofagasta de la Sierra'),
(1801, 6, 'Barranca Larga'),
(1802, 6, 'Bañado de Ovanta'),
(1803, 6, 'Belén'),
(1804, 6, 'Buena Vista'),
(1805, 6, 'Capayán'),
(1806, 6, 'Casa de Piedra'),
(1807, 6, 'Chaquiago'),
(1808, 6, 'Chañar Punco'),
(1809, 6, 'Choya'),
(1810, 6, 'Chuchucaruana'),
(1811, 6, 'Chumbicha'),
(1812, 6, 'Colana'),
(1813, 6, 'Colonia Nueva Coneta'),
(1814, 6, 'Colonia del Valle'),
(1815, 6, 'Colpes'),
(1816, 6, 'Concepción'),
(1817, 6, 'Coneta'),
(1818, 6, 'Copacabana'),
(1819, 6, 'Corral Quemado'),
(1820, 6, 'Cóndor Huasi'),
(1821, 6, 'El Alamito'),
(1822, 6, 'El Alto'),
(1823, 6, 'El Aybal'),
(1824, 6, 'El Bañado'),
(1825, 6, 'El Bolsón'),
(1826, 6, 'El Cajón'),
(1827, 6, 'El Cerrito'),
(1828, 6, 'El Desmonte'),
(1829, 6, 'El Divisadero'),
(1830, 6, 'El Durazno'),
(1831, 6, 'El Hueco'),
(1832, 6, 'El Lindero'),
(1833, 6, 'El Pajonal'),
(1834, 6, 'El Peñón'),
(1835, 6, 'El Portezuelo'),
(1836, 6, 'El Potrero'),
(1837, 6, 'El Puesto'),
(1838, 6, 'El Quimilo'),
(1839, 6, 'El Rodeo'),
(1840, 6, 'El Salado'),
(1841, 6, 'Esquiú'),
(1842, 6, 'Famatanca'),
(1843, 6, 'Farallón Negro'),
(1844, 6, 'Fiambalá'),
(1845, 6, 'Fuerte Quemado'),
(1846, 6, 'Guayamba'),
(1847, 6, 'Hualfín'),
(1848, 6, 'Huaycama'),
(1849, 6, 'Huillapima'),
(1850, 6, 'Icaño'),
(1851, 6, 'Infanzón'),
(1852, 6, 'Jacipunco'),
(1853, 6, 'La Candelaria'),
(1854, 6, 'La Carrera'),
(1855, 6, 'La Dorada'),
(1856, 6, 'La Falda de San Antonio'),
(1857, 6, 'La Guardia'),
(1858, 6, 'La Higuera'),
(1859, 6, 'La Hoyada'),
(1860, 6, 'La Majada'),
(1861, 6, 'La Merced'),
(1862, 6, 'La Mesada'),
(1863, 6, 'La Puerta'),
(1864, 6, 'La Puntilla'),
(1865, 6, 'La Ramadita'),
(1866, 6, 'La Tercena'),
(1867, 6, 'La Viña'),
(1868, 6, 'Lampacito'),
(1869, 6, 'Las Cañas'),
(1870, 6, 'Las Chacritas'),
(1871, 6, 'Las Esquinas'),
(1872, 6, 'Las Juntas'),
(1873, 6, 'Las Lajas'),
(1874, 6, 'Las Mojarras'),
(1875, 6, 'Las Palmitas'),
(1876, 6, 'Las Tejas'),
(1877, 6, 'Lavalle'),
(1878, 6, 'Londres'),
(1879, 6, 'Los Altos'),
(1880, 6, 'Los Angeles'),
(1881, 6, 'Los Castillos'),
(1882, 6, 'Los Corrales'),
(1883, 6, 'Los Nacimientos'),
(1884, 6, 'Los Talas'),
(1885, 6, 'Los Varela'),
(1886, 6, 'Los Ángeles Norte'),
(1887, 6, 'Los Ángeles Sur'),
(1888, 6, 'Manantiales'),
(1889, 6, 'Medanitos'),
(1890, 6, 'Miraflores'),
(1891, 6, 'Monte Potrero'),
(1892, 6, 'Mutquin'),
(1893, 6, 'Palo Blanco'),
(1894, 6, 'Palo Labrado'),
(1895, 6, 'Palo Seco'),
(1896, 6, 'Pampa Blanca'),
(1897, 6, 'Polcos'),
(1898, 6, 'Pomancillo Este'),
(1899, 6, 'Pomancillo Oeste'),
(1900, 6, 'Pomán'),
(1901, 6, 'Pozo del Mistol'),
(1902, 6, 'Puerta de Corral Quemado'),
(1903, 6, 'Puerta de San José'),
(1904, 6, 'Punta de Balasto'),
(1905, 6, 'Quirós'),
(1906, 6, 'Ramblones'),
(1907, 6, 'Recreo'),
(1908, 6, 'Rincón'),
(1909, 6, 'San Antonio'),
(1910, 6, 'San Fernando del Valle de Catamarca'),
(1911, 6, 'San Isidro'),
(1912, 6, 'San José'),
(1913, 6, 'San José Banda'),
(1914, 6, 'San José Norte'),
(1915, 6, 'San José Villa'),
(1916, 6, 'San Martín'),
(1917, 6, 'San Miguel'),
(1918, 6, 'San Pablo'),
(1919, 6, 'San Pedro'),
(1920, 6, 'Santa Cruz'),
(1921, 6, 'Santa María'),
(1922, 6, 'Santa Rosa'),
(1923, 6, 'Saujil'),
(1924, 6, 'Siján'),
(1925, 6, 'Singuil'),
(1926, 6, 'Sumalao'),
(1927, 6, 'Tapso'),
(1928, 6, 'Tinogasta'),
(1929, 6, 'Vilismán'),
(1930, 6, 'Villa Dolores'),
(1931, 6, 'Villa Las Pirquitas'),
(1932, 6, 'Villa Vil'),
(1933, 6, 'Villa de Balcozna'),
(1934, 6, 'Yapes'),
(2045, 14, 'Aicuñá'),
(2046, 14, 'Aimogasta'),
(2047, 14, 'Alpasinche'),
(2048, 14, 'Alto Carrizal'),
(2049, 14, 'Amaná'),
(2050, 14, 'Ambil'),
(2051, 14, 'Aminga'),
(2052, 14, 'Amuschina'),
(2053, 14, 'Andolucas'),
(2054, 14, 'Anguinán'),
(2055, 14, 'Angulos'),
(2056, 14, 'Anillaco'),
(2057, 14, 'Anjullón'),
(2058, 14, 'Antinaco'),
(2059, 14, 'Bajo Carrizal'),
(2060, 14, 'Banda Florida'),
(2061, 14, 'Bañado de los Pantanos'),
(2062, 14, 'Campanas'),
(2063, 14, 'Castro Barros'),
(2064, 14, 'Chamical'),
(2065, 14, 'Chaupihuasi'),
(2066, 14, 'Chañar'),
(2067, 14, 'Chañarmuyo'),
(2068, 14, 'Chepes'),
(2069, 14, 'Chilecito'),
(2070, 14, 'Chuquis'),
(2071, 14, 'Colonia Anguinán'),
(2072, 14, 'Colonia Malligasta'),
(2073, 14, 'Colonia Ortiz de Ocampo'),
(2074, 14, 'Colonia Vichigasta'),
(2075, 14, 'Cuipán'),
(2076, 14, 'Desiderio Tello'),
(2077, 14, 'Estación Mazán'),
(2078, 14, 'Famatina'),
(2079, 14, 'Guanchín'),
(2080, 14, 'Guandacol'),
(2081, 14, 'Jagüé'),
(2082, 14, 'La Cuadra'),
(2083, 14, 'La Puntilla'),
(2084, 14, 'La Rioja'),
(2085, 14, 'Las Talas'),
(2086, 14, 'Loma Blanca'),
(2087, 14, 'Los Molinos'),
(2088, 14, 'Los Palacios'),
(2089, 14, 'Los Robles'),
(2090, 14, 'Los Sarmientos'),
(2091, 14, 'Machigasta'),
(2092, 14, 'Malanzán'),
(2093, 14, 'Malligasta'),
(2094, 14, 'Milagro'),
(2095, 14, 'Miranda'),
(2096, 14, 'Nonogasta'),
(2097, 14, 'Nácate'),
(2098, 14, 'Olpas'),
(2099, 14, 'Olta'),
(2100, 14, 'Pagancillo'),
(2101, 14, 'Patquía'),
(2102, 14, 'Pinchas'),
(2103, 14, 'Pituil'),
(2104, 14, 'Plaza Vieja'),
(2105, 14, 'Polco'),
(2106, 14, 'Portezuelo'),
(2107, 14, 'Punta de los Llanos'),
(2108, 14, 'Salicas'),
(2109, 14, 'Salicas - San Blas'),
(2110, 14, 'San Antonio'),
(2111, 14, 'San Blas'),
(2112, 14, 'San Miguel'),
(2113, 14, 'San Nicolás'),
(2114, 14, 'San Pedro'),
(2115, 14, 'Santa Clara'),
(2116, 14, 'Santa Cruz'),
(2117, 14, 'Santa Florentina'),
(2118, 14, 'Santa Rita de Catuna'),
(2119, 14, 'Santa Vera Cruz'),
(2120, 14, 'Santo Domingo'),
(2121, 14, 'Sañogasta'),
(2122, 14, 'Shaqui'),
(2123, 14, 'Suriyaco'),
(2124, 14, 'Tama'),
(2125, 14, 'Termas de Santa Teresita'),
(2126, 14, 'Tilimuqui'),
(2127, 14, 'Tuyubil'),
(2128, 14, 'Ulapes'),
(2129, 14, 'Vichigasta'),
(2130, 14, 'Villa Castelli'),
(2131, 14, 'Villa Mazán'),
(2132, 14, 'Villa San José de Vinchina'),
(2133, 14, 'Villa Sanagasta'),
(2134, 14, 'Villa Unión'),
(2172, 8, '28 de Julio'),
(2173, 8, 'Acceso Norte'),
(2174, 8, 'Aldea Apeleg'),
(2175, 8, 'Aldea Beleiro'),
(2176, 8, 'Aldea Epulef'),
(2177, 8, 'Aldea Escolar (Los Rápidos)'),
(2178, 8, 'Alto Río Senguer'),
(2179, 8, 'Arroyo Verde'),
(2180, 8, 'Astra'),
(2181, 8, 'Bahía Bustamante'),
(2182, 8, 'Barrio 25 de Mayo'),
(2183, 8, 'Barrio Caleta Córdova'),
(2184, 8, 'Barrio Castelli'),
(2185, 8, 'Barrio Ciudadela'),
(2186, 8, 'Barrio Gasoducto'),
(2187, 8, 'Barrio Güemes'),
(2188, 8, 'Barrio Laprida'),
(2189, 8, 'Barrio Manantial Rosales'),
(2190, 8, 'Barrio Militar y Aeropuerto'),
(2191, 8, 'Barrio Próspero Palazzo'),
(2192, 8, 'Barrio Restinga Alí'),
(2193, 8, 'Barrio Rodríguez Peña'),
(2194, 8, 'Barrio Saavedra'),
(2195, 8, 'Barrio Sarmiento'),
(2196, 8, 'Barrio Villa S.U.P.E.'),
(2197, 8, 'Blancuntre'),
(2198, 8, 'Buen Pasto'),
(2199, 8, 'Buenos Aires Chico'),
(2200, 8, 'Caleta Olivares'),
(2201, 8, 'Camarones'),
(2202, 8, 'Carrenleufú'),
(2203, 8, 'Cerro Cóndor'),
(2204, 8, 'Cholila'),
(2205, 8, 'Colan Conhué'),
(2206, 8, 'Comodoro Rivadavia'),
(2207, 8, 'Corcovado'),
(2208, 8, 'Costa del Chubut'),
(2209, 8, 'Cushamen Centro'),
(2210, 8, 'Diadema Argentina'),
(2211, 8, 'Dique Florentino Ameghino'),
(2212, 8, 'Doctor Oscar Atilio Viglione (Frontera de Río Pico)'),
(2213, 8, 'Doctor Ricardo Rojas'),
(2214, 8, 'Dolavon'),
(2215, 8, 'El Escorial'),
(2216, 8, 'El Hoyo'),
(2217, 8, 'El Maitén'),
(2218, 8, 'El Mirasol'),
(2219, 8, 'Epuyén'),
(2220, 8, 'Esquel'),
(2221, 8, 'Facundo'),
(2222, 8, 'Fofo Cahuel'),
(2223, 8, 'Gaiman'),
(2224, 8, 'Gan Gan'),
(2225, 8, 'Garayalde'),
(2226, 8, 'Gastre'),
(2227, 8, 'Gobernador Costa'),
(2228, 8, 'Gualjaina'),
(2229, 8, 'José de San Martín'),
(2230, 8, 'Kilómetro 11 - Cuarteles'),
(2231, 8, 'Kilómetro 3 - General Mosconi'),
(2232, 8, 'Kilómetro 5 - Presidente Ortíz'),
(2233, 8, 'Kilómetro 8 - Don Bosco'),
(2234, 8, 'Lago Blanco'),
(2235, 8, 'Lago Epuyén'),
(2236, 8, 'Lago Puelo'),
(2237, 8, 'Lago Rosario'),
(2238, 8, 'Lagunita Salada'),
(2239, 8, 'Las Plumas'),
(2240, 8, 'Leleque'),
(2241, 8, 'Los Altares'),
(2242, 8, 'Los Cipreses'),
(2243, 8, 'Paso de Indios'),
(2244, 8, 'Paso del Sapo'),
(2245, 8, 'Playa Magagna'),
(2246, 8, 'Playa Unión'),
(2247, 8, 'Puerto Madryn'),
(2248, 8, 'Puerto Pirámides'),
(2249, 8, 'Quintas El Mirador'),
(2250, 8, 'Rada Tilly'),
(2251, 8, 'Rawson'),
(2252, 8, 'Reserva Area Protegida El Doradillo'),
(2253, 8, 'Río Mayo'),
(2254, 8, 'Río Pico'),
(2255, 8, 'Sarmiento'),
(2256, 8, 'Tecka'),
(2257, 8, 'Telsen'),
(2258, 8, 'Trelew'),
(2259, 8, 'Trevelín'),
(2260, 8, 'Villa Futalaufquen'),
(2261, 8, 'Yala Laubat'),
(2299, 10, '1º de Mayo'),
(2300, 10, 'Alcaraz'),
(2301, 10, 'Aldea Asunción'),
(2302, 10, 'Aldea Brasilera'),
(2303, 10, 'Aldea Grapschental'),
(2304, 10, 'Aldea María Luisa'),
(2305, 10, 'Aldea Protestante'),
(2306, 10, 'Aldea Salto'),
(2307, 10, 'Aldea San Antonio'),
(2308, 10, 'Aldea San Francisco'),
(2309, 10, 'Aldea San Isidro (El Cimarrón)'),
(2310, 10, 'Aldea San Juan'),
(2311, 10, 'Aldea San Rafael'),
(2312, 10, 'Aldea Santa María'),
(2313, 10, 'Aldea Santa Rosa'),
(2314, 10, 'Aldea Spatzenkutter'),
(2315, 10, 'Aldea Valle María'),
(2316, 10, 'Altamirano Sur'),
(2317, 10, 'Antelo'),
(2318, 10, 'Aranguren'),
(2319, 10, 'Arroyo Barú'),
(2320, 10, 'Basavilbaso'),
(2321, 10, 'Benito Legerén'),
(2322, 10, 'Betbeder'),
(2323, 10, 'Bovril'),
(2324, 10, 'Calabacilla'),
(2325, 10, 'Caseros'),
(2326, 10, 'Ceibas'),
(2327, 10, 'Cerrito'),
(2328, 10, 'Chajarí'),
(2329, 10, 'Clodomiro Ledesma'),
(2330, 10, 'Colonia Alemana'),
(2331, 10, 'Colonia Avellaneda'),
(2332, 10, 'Colonia Avigdor'),
(2333, 10, 'Colonia Ayuí'),
(2334, 10, 'Colonia Crespo'),
(2335, 10, 'Colonia Elía'),
(2336, 10, 'Colonia Ensayo'),
(2337, 10, 'Colonia General Roca'),
(2338, 10, 'Colonia Hugues'),
(2339, 10, 'Colonia La Argentina'),
(2340, 10, 'Colón'),
(2341, 10, 'Concepción del Uruguay'),
(2342, 10, 'Concordia'),
(2343, 10, 'Conscripto Bernardi'),
(2344, 10, 'Crespo'),
(2345, 10, 'Diamante'),
(2346, 10, 'Don Cristóbal'),
(2347, 10, 'Durazno'),
(2348, 10, 'El Brillante'),
(2349, 10, 'El Colorado'),
(2350, 10, 'El Palenque'),
(2351, 10, 'El Pingo'),
(2352, 10, 'El Ramblón'),
(2353, 10, 'El Solar'),
(2354, 10, 'Enrique Carbó'),
(2355, 10, 'Estación Arroyo Clé'),
(2356, 10, 'Estación Camps'),
(2357, 10, 'Estación Escriña'),
(2358, 10, 'Estación Lazo'),
(2359, 10, 'Estación Puiggari'),
(2360, 10, 'Estación Raíces'),
(2361, 10, 'Estación Yeruá'),
(2362, 10, 'Estación Yuquerí'),
(2363, 10, 'Estancia Grande'),
(2364, 10, 'Faustino M. Parera'),
(2365, 10, 'Febré'),
(2366, 10, 'Federación'),
(2367, 10, 'Federal'),
(2368, 10, 'General Almada'),
(2369, 10, 'General Alvear'),
(2370, 10, 'General Campos'),
(2371, 10, 'General Galarza'),
(2372, 10, 'General Racedo (El Carmen)'),
(2373, 10, 'General Ramírez'),
(2374, 10, 'Gilbert'),
(2375, 10, 'Gobernador Echagüe'),
(2376, 10, 'Gobernador Mansilla'),
(2377, 10, 'Gobernador Solá'),
(2378, 10, 'Gualeguay'),
(2379, 10, 'Gualeguaychú'),
(2380, 10, 'Guardamonte'),
(2381, 10, 'Hambis'),
(2382, 10, 'Hasenkamp'),
(2383, 10, 'Hernandarias'),
(2384, 10, 'Hernández'),
(2385, 10, 'Herrera'),
(2386, 10, 'Hocker'),
(2387, 10, 'Ibicuy'),
(2388, 10, 'Ingeniero Miguel Sajaroff'),
(2389, 10, 'Irazusta'),
(2390, 10, 'Jubileo'),
(2391, 10, 'La Clarita'),
(2392, 10, 'La Criolla'),
(2393, 10, 'La Juanita'),
(2394, 10, 'La Paz'),
(2395, 10, 'La Picada'),
(2396, 10, 'Larroque'),
(2397, 10, 'Las Guachas'),
(2398, 10, 'Las Jaulas'),
(2399, 10, 'Las Moscas'),
(2400, 10, 'Las Tejas'),
(2401, 10, 'Las Tunas'),
(2402, 10, 'Los Charrúas'),
(2403, 10, 'Los Conquistadores'),
(2404, 10, 'Lucas González'),
(2405, 10, 'Líbaros'),
(2406, 10, 'Maciá'),
(2407, 10, 'María Grande'),
(2408, 10, 'Molino Doll'),
(2409, 10, 'Médanos'),
(2410, 10, 'Nogoyá'),
(2411, 10, 'Nueva Escocia'),
(2412, 10, 'Nueva Vizcaya'),
(2413, 10, 'Oro Verde'),
(2414, 10, 'Osvaldo Magnasco'),
(2415, 10, 'Paraje La Virgen'),
(2416, 10, 'Paraná'),
(2417, 10, 'Paso de la Laguna'),
(2418, 10, 'Pastor Britos'),
(2419, 10, 'Pedernal'),
(2420, 10, 'Piedras Blancas'),
(2421, 10, 'Pronunciamiento'),
(2422, 10, 'Pueblo Bellocq (Las Garzas)'),
(2423, 10, 'Pueblo Brugo'),
(2424, 10, 'Pueblo Cazes'),
(2425, 10, 'Pueblo General Belgrano'),
(2426, 10, 'Pueblo General San Martín'),
(2427, 10, 'Pueblo Liebig\'s'),
(2428, 10, 'Pueblo Moreno'),
(2429, 10, 'Puerto Las Cuevas'),
(2430, 10, 'Puerto Ruiz'),
(2431, 10, 'Puerto Yeruá'),
(2432, 10, 'Rocamora'),
(2433, 10, 'Rosario del Tala'),
(2434, 10, 'San Benito'),
(2435, 10, 'San Gustavo'),
(2436, 10, 'San Jaime de la Frontera'),
(2437, 10, 'San José'),
(2438, 10, 'San José de Feliciano'),
(2439, 10, 'San Pedro'),
(2440, 10, 'San Ramón');
INSERT INTO `localidades` (`id`, `provincia_id`, `nombre`) VALUES
(2441, 10, 'San Salvador'),
(2442, 10, 'San Víctor'),
(2443, 10, 'Santa Ana'),
(2444, 10, 'Santa Anita'),
(2445, 10, 'Santa Elena'),
(2446, 10, 'Sauce Montrull'),
(2447, 10, 'Sauce Pinto'),
(2448, 10, 'Sauce de Luna'),
(2449, 10, 'Seguí'),
(2450, 10, 'Sir Leonard'),
(2451, 10, 'Sosa'),
(2452, 10, 'Strobel'),
(2453, 10, 'Tabossi'),
(2454, 10, 'Tezanos Pinto'),
(2455, 10, 'Ubajay'),
(2456, 10, 'Urdinarrain'),
(2457, 10, 'Viale'),
(2458, 10, 'Victoria'),
(2459, 10, 'Villa Adela'),
(2460, 10, 'Villa Clara'),
(2461, 10, 'Villa Domínguez'),
(2462, 10, 'Villa Elisa'),
(2463, 10, 'Villa Fontana'),
(2464, 10, 'Villa Gdor. Luis F. Etchevehere'),
(2465, 10, 'Villa Libertador San Martín'),
(2466, 10, 'Villa Mantero'),
(2467, 10, 'Villa Paranacito'),
(2468, 10, 'Villa San Justo'),
(2469, 10, 'Villa San Marcial (Est. Gobernador Urquiza)'),
(2470, 10, 'Villa Urquiza'),
(2471, 10, 'Villa Zorraquín'),
(2472, 10, 'Villa del Rosario'),
(2473, 10, 'Villaguay'),
(2474, 10, 'XX de Setiembre'),
(2554, 11, 'Banco Payaguá'),
(2555, 11, 'Bartolomé de las Casas'),
(2556, 11, 'Buena Vista'),
(2557, 11, 'Clorinda'),
(2558, 11, 'Colonia Campo Villafañe'),
(2559, 11, 'Colonia Pastoril'),
(2560, 11, 'Colonia Sarmiento'),
(2561, 11, 'Comandante Fontana'),
(2562, 11, 'Comunidad Aborigen Bartolomé de las Casas'),
(2563, 11, 'El Colorado'),
(2564, 11, 'El Espinillo'),
(2565, 11, 'El Potrillo'),
(2566, 11, 'El Quebracho'),
(2567, 11, 'El Recreo'),
(2568, 11, 'Estanislao del Campo'),
(2569, 11, 'Formosa'),
(2570, 11, 'Fortín Cabo 1º Lugones'),
(2571, 11, 'Fortín Sargento 1º Leyes'),
(2572, 11, 'Fortín Soledad'),
(2573, 11, 'General Lucio V. Mansilla'),
(2574, 11, 'General Mosconi'),
(2575, 11, 'Gran Guardia'),
(2576, 11, 'Guadalcazar'),
(2577, 11, 'Herradura'),
(2578, 11, 'Ibarreta'),
(2579, 11, 'Ingeniero Guillermo N. Juárez'),
(2580, 11, 'Juan G. Bazán'),
(2581, 11, 'La Rinconada'),
(2582, 11, 'Laguna Blanca'),
(2583, 11, 'Laguna Gallo'),
(2584, 11, 'Laguna Naick-Neck'),
(2585, 11, 'Laguna Yema'),
(2586, 11, 'Lamadrid'),
(2587, 11, 'Las Lomitas'),
(2588, 11, 'Los Chiriguanos'),
(2589, 11, 'Mariano Boedo'),
(2590, 11, 'Misión Tacaaglé'),
(2591, 11, 'Mojón de Fierro'),
(2592, 11, 'Palma Sola'),
(2593, 11, 'Palo Santo'),
(2594, 11, 'Pirané'),
(2595, 11, 'Portón Negro'),
(2596, 11, 'Posta Cambio Zalazar'),
(2597, 11, 'Pozo de Maza'),
(2598, 11, 'Pozo del Mortero'),
(2599, 11, 'Pozo del Tigre'),
(2600, 11, 'Puerto Pilcomayo'),
(2601, 11, 'Riacho He-He'),
(2602, 11, 'Riacho Negro'),
(2603, 11, 'San Francisco de Laishi'),
(2604, 11, 'San Hilario'),
(2605, 11, 'San Martín I'),
(2606, 11, 'San Martín II'),
(2607, 11, 'Siete Palmas'),
(2608, 11, 'Subteniente Perín'),
(2609, 11, 'Tatané'),
(2610, 11, 'Tres Lagunas'),
(2611, 11, 'Vaca Perdida'),
(2612, 11, 'Villa Escolar'),
(2613, 11, 'Villa General Güemes'),
(2614, 11, 'Villa General Manuel Belgrano'),
(2615, 11, 'Villa Kilómetro 213'),
(2617, 12, 'Abra Pampa'),
(2618, 12, 'Abralaite'),
(2619, 12, 'Agua de Castilla'),
(2620, 12, 'Aguas Calientes'),
(2621, 12, 'Aparzo'),
(2622, 12, 'Arrayanal'),
(2623, 12, 'Arroyo Colorado'),
(2624, 12, 'Bananal'),
(2625, 12, 'Barrio El Milagro'),
(2626, 12, 'Barrio La Unión'),
(2627, 12, 'Barrios'),
(2628, 12, 'Bermejito'),
(2629, 12, 'Bárcena'),
(2630, 12, 'Caimancito'),
(2631, 12, 'Calilegua'),
(2632, 12, 'Cangrejillos'),
(2633, 12, 'Carahunco'),
(2634, 12, 'Casa Colorada'),
(2635, 12, 'Casabindo'),
(2636, 12, 'Casira'),
(2637, 12, 'Caspalá'),
(2638, 12, 'Catua'),
(2639, 12, 'Centro Forestal'),
(2640, 12, 'Chalicán'),
(2641, 12, 'Cianzo'),
(2642, 12, 'Cieneguillas'),
(2643, 12, 'Ciénega de Paicone'),
(2644, 12, 'Cochinoca'),
(2645, 12, 'Coctaca'),
(2646, 12, 'Colonia San José'),
(2647, 12, 'Coranzuli'),
(2648, 12, 'Coyaguaima'),
(2649, 12, 'Cusi Cusi'),
(2650, 12, 'Don Emilio'),
(2651, 12, 'El Acheral'),
(2652, 12, 'El Aguilar'),
(2653, 12, 'El Angosto'),
(2654, 12, 'El Carmen'),
(2655, 12, 'El Ceibal'),
(2656, 12, 'El Cóndor'),
(2657, 12, 'El Fuerte'),
(2658, 12, 'El Moreno'),
(2659, 12, 'El Piquete'),
(2660, 12, 'El Puesto'),
(2661, 12, 'El Quemado'),
(2662, 12, 'El Talar'),
(2663, 12, 'El Toro'),
(2664, 12, 'Fleming'),
(2665, 12, 'Fraile Pintado'),
(2666, 12, 'Guerrero'),
(2667, 12, 'Hipólito Yrigoyen'),
(2668, 12, 'Huacalera'),
(2669, 12, 'Humahuaca'),
(2670, 12, 'Huáncar'),
(2671, 12, 'Jama'),
(2672, 12, 'Juella'),
(2673, 12, 'La Almona'),
(2674, 12, 'La Ciénega'),
(2675, 12, 'La Esperanza'),
(2676, 12, 'La Intermedia'),
(2677, 12, 'La Manga'),
(2678, 12, 'La Mendieta'),
(2679, 12, 'La Quiaca'),
(2680, 12, 'La Redonda'),
(2681, 12, 'Lagunillas de Farallón'),
(2682, 12, 'León'),
(2683, 12, 'Libertad'),
(2684, 12, 'Libertador General San Martín'),
(2685, 12, 'Liviara'),
(2686, 12, 'Llulluchayoc'),
(2687, 12, 'Loma Blanca'),
(2688, 12, 'Los Alisos'),
(2689, 12, 'Los Lapachos'),
(2690, 12, 'Los Nogales'),
(2691, 12, 'Loteo Navea'),
(2692, 12, 'Lozano'),
(2693, 12, 'Maimará'),
(2694, 12, 'Manantiales'),
(2695, 12, 'Maíz Negro'),
(2696, 12, 'Mina Providencia'),
(2697, 12, 'Misarrumi'),
(2698, 12, 'Monterrico'),
(2699, 12, 'Nuestra Señora del Rosario'),
(2700, 12, 'Nuevo Pirquitas'),
(2701, 12, 'Ocloyas'),
(2702, 12, 'Olacapato'),
(2703, 12, 'Olaroz Chico'),
(2704, 12, 'Oratorio'),
(2705, 12, 'Orosmayo'),
(2706, 12, 'Paicone'),
(2707, 12, 'Palca de Aparzo'),
(2708, 12, 'Palca de Varas'),
(2709, 12, 'Palma Sola'),
(2710, 12, 'Palos Blancos'),
(2711, 12, 'Palpalá'),
(2712, 12, 'Pampa Blanca'),
(2713, 12, 'Pampichuela'),
(2714, 12, 'Pastos Chicos'),
(2715, 12, 'Paulina'),
(2716, 12, 'Perico'),
(2717, 12, 'Piedritas'),
(2718, 12, 'Pila Pardo'),
(2719, 12, 'Pueblo Ledesma'),
(2720, 12, 'Puente Lavayén'),
(2721, 12, 'Puerta de Colorados'),
(2722, 12, 'Puesto Sey'),
(2723, 12, 'Puesto Viejo'),
(2724, 12, 'Puesto del Marquéz'),
(2725, 12, 'Pumahuasi'),
(2726, 12, 'Purmamarca'),
(2727, 12, 'Quebraleña'),
(2728, 12, 'Quera'),
(2729, 12, 'Rinconada'),
(2730, 12, 'Rinconadillas'),
(2731, 12, 'Rodeito'),
(2732, 12, 'Rodero'),
(2733, 12, 'Rosario de Río Grande (ex Barro Negro)'),
(2734, 12, 'Río Blanco'),
(2735, 12, 'San Antonio'),
(2736, 12, 'San Francisco'),
(2737, 12, 'San Francisco de Alfarcito'),
(2738, 12, 'San Isidro'),
(2739, 12, 'San José'),
(2740, 12, 'San Juan de Oros'),
(2741, 12, 'San Juan de Quillaqués'),
(2742, 12, 'San Juancito'),
(2743, 12, 'San Lucas'),
(2744, 12, 'San Pablo de Reyes'),
(2745, 12, 'San Pedro'),
(2746, 12, 'San Salvador de Jujuy'),
(2747, 12, 'Santa Ana'),
(2748, 12, 'Santa Ana de la Puna'),
(2749, 12, 'Santa Catalina'),
(2750, 12, 'Santa Clara'),
(2751, 12, 'Santuario de Tres Pozos'),
(2752, 12, 'Susques'),
(2753, 12, 'Tambillos'),
(2754, 12, 'Tesorero'),
(2755, 12, 'Tilcara'),
(2756, 12, 'Tres Cruces'),
(2757, 12, 'Tumbaya'),
(2758, 12, 'Tusaquillas'),
(2759, 12, 'Uquía'),
(2760, 12, 'Valle Colorado'),
(2761, 12, 'Valle Grande'),
(2762, 12, 'Vinalito'),
(2763, 12, 'Volcán'),
(2764, 12, 'Yacoraite'),
(2765, 12, 'Yala'),
(2766, 12, 'Yavi'),
(2767, 12, 'Yavi Chico'),
(2768, 12, 'Yoscaba'),
(2769, 12, 'Yuto'),
(2872, 15, '1º de Mayo'),
(2873, 15, '25 de Mayo'),
(2874, 15, '9 de Julio Kilómetro 20'),
(2875, 15, '9 de Julio Kilómetro 28'),
(2876, 15, 'Alba Posse'),
(2877, 15, 'Alicia Alta'),
(2878, 15, 'Alicia Baja'),
(2879, 15, 'Almafuerte'),
(2880, 15, 'Apóstoles'),
(2881, 15, 'Aristóbulo del Valle'),
(2882, 15, 'Arroyo del Medio'),
(2883, 15, 'Azara'),
(2884, 15, 'Bario Ita'),
(2885, 15, 'Barra Concepción'),
(2886, 15, 'Barrio Cuatro Bocas'),
(2887, 15, 'Barrio Escuela 461'),
(2888, 15, 'Barrio Escuela 633'),
(2889, 15, 'Barrio Guatambu'),
(2890, 15, 'Barrio Rural'),
(2891, 15, 'Barrio Tungoil'),
(2892, 15, 'Barrio del Lago'),
(2893, 15, 'Bernardo de Irigoyen'),
(2894, 15, 'Bonpland'),
(2895, 15, 'Caburei'),
(2896, 15, 'Campo Grande'),
(2897, 15, 'Campo Ramón'),
(2898, 15, 'Campo Viera'),
(2899, 15, 'Candelaria'),
(2900, 15, 'Capioviciño'),
(2901, 15, 'Capioví'),
(2902, 15, 'Caraguatay'),
(2903, 15, 'Caá - Yarí'),
(2904, 15, 'Cerro Azul'),
(2905, 15, 'Cerro Corá'),
(2906, 15, 'Colonia Alberdi'),
(2907, 15, 'Colonia Aurora'),
(2908, 15, 'Colonia Polana'),
(2909, 15, 'Colonia Victoria'),
(2910, 15, 'Colonia Wanda'),
(2911, 15, 'Comandante Andresito'),
(2912, 15, 'Concepción de la Sierra'),
(2913, 15, 'Corpus'),
(2914, 15, 'Cruce Caballero'),
(2915, 15, 'Domingo Savio'),
(2916, 15, 'Dos Arroyos'),
(2917, 15, 'Dos Hermanas'),
(2918, 15, 'Dos de Mayo'),
(2919, 15, 'Dos de Mayo Nucleo III (Bº Bernardino Rivadavia)'),
(2920, 15, 'Dos de Mayo Núcleo I'),
(2921, 15, 'Dos de Mayo Núcleo II'),
(2922, 15, 'El Alcázar'),
(2923, 15, 'El Salto'),
(2924, 15, 'El Soberbio'),
(2925, 15, 'Eldorado'),
(2926, 15, 'Estación Apóstoles'),
(2927, 15, 'Florentino Ameghino'),
(2928, 15, 'Fracrán'),
(2929, 15, 'Garuhapé'),
(2930, 15, 'Garupá'),
(2931, 15, 'General Alvear'),
(2932, 15, 'General Urquiza'),
(2933, 15, 'Gobernador López'),
(2934, 15, 'Gobernador Roca'),
(2935, 15, 'Guaraní'),
(2936, 15, 'Helvecia'),
(2937, 15, 'Hipólito Yrigoyen'),
(2938, 15, 'Integración'),
(2939, 15, 'Itacaruaré'),
(2940, 15, 'Jardín América'),
(2941, 15, 'Kilómetro 17'),
(2942, 15, 'La Corita'),
(2943, 15, 'Laharrague'),
(2944, 15, 'Leandro N. Alem'),
(2945, 15, 'Loreto'),
(2946, 15, 'Los Helechos'),
(2947, 15, 'María Magdalena'),
(2948, 15, 'Mbopicuá'),
(2949, 15, 'Mojón Grande'),
(2950, 15, 'Montecarlo'),
(2951, 15, 'Mártires'),
(2952, 15, 'Nemesio Parma'),
(2953, 15, 'Nueva Delicia'),
(2954, 15, 'Oasis'),
(2955, 15, 'Oberá'),
(2956, 15, 'Olegario V. Andrade'),
(2957, 15, 'Panambi Kilómetro 15'),
(2958, 15, 'Panambí'),
(2959, 15, 'Panambí Kilómetro 8'),
(2960, 15, 'Paraíso'),
(2961, 15, 'Pindapoy'),
(2962, 15, 'Piray Kilómetro 18'),
(2963, 15, 'Piñalito Norte'),
(2964, 15, 'Piñalito Sur'),
(2965, 15, 'Posadas'),
(2966, 15, 'Posadas (Extensión)'),
(2967, 15, 'Profundidad'),
(2968, 15, 'Pueblo Illia'),
(2969, 15, 'Pueblo Nuevo'),
(2970, 15, 'Puerto Andresito'),
(2971, 15, 'Puerto Deseado'),
(2972, 15, 'Puerto Esperanza'),
(2973, 15, 'Puerto Iguazú'),
(2974, 15, 'Puerto Leoni'),
(2975, 15, 'Puerto Libertad'),
(2976, 15, 'Puerto Mado'),
(2977, 15, 'Puerto Pinares'),
(2978, 15, 'Puerto Piray'),
(2979, 15, 'Puerto Rico'),
(2980, 15, 'Puerto Santa Ana'),
(2981, 15, 'Rincón de Azara'),
(2982, 15, 'Roca Chica'),
(2983, 15, 'Ruiz de Montoya'),
(2984, 15, 'Salto Encantado'),
(2985, 15, 'San Alberto'),
(2986, 15, 'San Antonio'),
(2987, 15, 'San Francisco de Asís'),
(2988, 15, 'San Gotardo'),
(2989, 15, 'San Ignacio'),
(2990, 15, 'San Javier'),
(2991, 15, 'San José'),
(2992, 15, 'San Martín'),
(2993, 15, 'San Miguel'),
(2994, 15, 'San Pedro'),
(2995, 15, 'San Vicente'),
(2996, 15, 'Santa Ana'),
(2997, 15, 'Santa María'),
(2998, 15, 'Santa Rita'),
(2999, 15, 'Santiago de Liniers'),
(3000, 15, 'Santo Pipó'),
(3001, 15, 'Tarumá'),
(3002, 15, 'Tobuna'),
(3003, 15, 'Tres Capones'),
(3004, 15, 'Valle Hermoso'),
(3005, 15, 'Villa Akerman'),
(3006, 15, 'Villa Bonita'),
(3007, 15, 'Villa Cooperativa'),
(3008, 15, 'Villa Libertad'),
(3009, 15, 'Villa Parodi'),
(3010, 15, 'Villa Roulet'),
(3011, 15, 'Villa Urrutia'),
(3127, 16, 'Aguada San Roque'),
(3128, 16, 'Aluminé'),
(3129, 16, 'Andacollo'),
(3130, 16, 'Arroyito'),
(3131, 16, 'Añelo'),
(3132, 16, 'Bajada del Agrio'),
(3133, 16, 'Barrancas'),
(3134, 16, 'Buta Ranquil'),
(3135, 16, 'Caviahue'),
(3136, 16, 'Centenario'),
(3137, 16, 'Chorriaca'),
(3138, 16, 'Chos Malal'),
(3139, 16, 'Copahue'),
(3140, 16, 'Covunco Centro'),
(3141, 16, 'Cutral Có'),
(3142, 16, 'El Cholar'),
(3143, 16, 'El Huecú'),
(3144, 16, 'El Sauce'),
(3145, 16, 'Huinganco'),
(3146, 16, 'Junín de los Andes'),
(3147, 16, 'La Buitrera'),
(3148, 16, 'Las Coloradas'),
(3149, 16, 'Las Lajas'),
(3150, 16, 'Las Ovejas'),
(3151, 16, 'Loncopué'),
(3152, 16, 'Los Catutos'),
(3153, 16, 'Los Miches'),
(3154, 16, 'Manzano Amargo'),
(3155, 16, 'Mari Menuco'),
(3156, 16, 'Mariano Moreno'),
(3157, 16, 'Moquehue'),
(3158, 16, 'Neuquén'),
(3159, 16, 'Octavio Pico'),
(3160, 16, 'Paso Aguerre'),
(3161, 16, 'Picún Leufú'),
(3162, 16, 'Piedra del Águila'),
(3163, 16, 'Plaza Huincul'),
(3164, 16, 'Plottier'),
(3165, 16, 'Quili Malal'),
(3166, 16, 'Ramón M. Castro'),
(3167, 16, 'Rincón de los Sauces'),
(3168, 16, 'San Martín de los Andes'),
(3169, 16, 'San Patricio del Chañar'),
(3170, 16, 'Santo Tomás'),
(3171, 16, 'Senillosa'),
(3172, 16, 'Taquimilán'),
(3173, 16, 'Tricao Malal'),
(3174, 16, 'Varvarco'),
(3175, 16, 'Villa El Chocón'),
(3176, 16, 'Villa La Angostura'),
(3177, 16, 'Villa Lago Meliquina'),
(3178, 16, 'Villa Pehuenia'),
(3179, 16, 'Villa Traful'),
(3180, 16, 'Villa del Curi Leuvú'),
(3181, 16, 'Villa del Nahueve'),
(3182, 16, 'Vista Alegre Norte'),
(3183, 16, 'Vista Alegre Sur'),
(3184, 16, 'Zapala'),
(3190, 17, 'Aguada Cecilio'),
(3191, 17, 'Aguada Guzmán'),
(3192, 17, 'Aguada de Guerra'),
(3193, 17, 'Allen'),
(3194, 17, 'Arroyo Los Berros'),
(3195, 17, 'Arroyo Ventana'),
(3196, 17, 'Bahía Creek'),
(3197, 17, 'Barda del Medio'),
(3198, 17, 'Barrio Blanco'),
(3199, 17, 'Barrio Calle Ciega Nº 10'),
(3200, 17, 'Barrio Calle Ciega Nº 6'),
(3201, 17, 'Barrio Canale'),
(3202, 17, 'Barrio Chacra Monte'),
(3203, 17, 'Barrio Colonia Conesa'),
(3204, 17, 'Barrio Costa Este'),
(3205, 17, 'Barrio Costa Oeste'),
(3206, 17, 'Barrio Destacamento'),
(3207, 17, 'Barrio El Labrador'),
(3208, 17, 'Barrio El Maruchito'),
(3209, 17, 'Barrio El Petróleo'),
(3210, 17, 'Barrio Emergente'),
(3211, 17, 'Barrio Esperanza'),
(3212, 17, 'Barrio Frontera'),
(3213, 17, 'Barrio Fátima'),
(3214, 17, 'Barrio Guerrico'),
(3215, 17, 'Barrio Isla 10'),
(3216, 17, 'Barrio La Barda'),
(3217, 17, 'Barrio La Costa'),
(3218, 17, 'Barrio La Defensa'),
(3219, 17, 'Barrio La Herradura'),
(3220, 17, 'Barrio La Lor'),
(3221, 17, 'Barrio Luisillo'),
(3222, 17, 'Barrio Mar del Plata'),
(3223, 17, 'Barrio María Elvira'),
(3224, 17, 'Barrio Moño Azul'),
(3225, 17, 'Barrio Norte'),
(3226, 17, 'Barrio Pinar'),
(3227, 17, 'Barrio Pino Azul'),
(3228, 17, 'Barrio Planta Compresora de Gas'),
(3229, 17, 'Barrio Porvenir'),
(3230, 17, 'Barrio Presidente Perón'),
(3231, 17, 'Barrio Santa Lucia'),
(3232, 17, 'Barrio Santa Rita'),
(3233, 17, 'Barrio Unión'),
(3234, 17, 'Catriel'),
(3235, 17, 'Cañadón Chileno'),
(3236, 17, 'Cerro Policía'),
(3237, 17, 'Cervantes'),
(3238, 17, 'Chelforó'),
(3239, 17, 'Chichinales'),
(3240, 17, 'Chimpay'),
(3241, 17, 'Choele Choel'),
(3242, 17, 'Cinco Saltos'),
(3243, 17, 'Cipolletti'),
(3244, 17, 'Clemente Onelli'),
(3245, 17, 'Colan Conhue'),
(3246, 17, 'Colonia Juliá y Echarren'),
(3247, 17, 'Colonia Suiza'),
(3248, 17, 'Comallo'),
(3249, 17, 'Comicó'),
(3250, 17, 'Cona Niyeu'),
(3251, 17, 'Contralmirante Cordero'),
(3252, 17, 'Coronel Belisle'),
(3253, 17, 'Darwin'),
(3254, 17, 'Dina Huapi'),
(3255, 17, 'El Bolsón'),
(3256, 17, 'El Caín'),
(3257, 17, 'El Cuy'),
(3258, 17, 'El Cóndor'),
(3259, 17, 'El Empalme'),
(3260, 17, 'El Foyel'),
(3261, 17, 'El Juncal'),
(3262, 17, 'Ferri'),
(3263, 17, 'General Conesa'),
(3264, 17, 'General Enrique Godoy'),
(3265, 17, 'General Fernández Oro'),
(3266, 17, 'General Roca'),
(3267, 17, 'Guardia Mitre'),
(3268, 17, 'Ingeniero Jacobacci'),
(3269, 17, 'Ingeniero Luis A. Huergo'),
(3270, 17, 'Ingeniero Otto Krause'),
(3271, 17, 'Juventud Unida'),
(3272, 17, 'La Lobería'),
(3273, 17, 'Laguna Blanca'),
(3274, 17, 'Lamarque'),
(3275, 17, 'Las Bayas'),
(3276, 17, 'Las Grutas'),
(3277, 17, 'Las Perlas'),
(3278, 17, 'Los Menucos'),
(3279, 17, 'Loteo Costa de Río'),
(3280, 17, 'Luis Beltrán'),
(3281, 17, 'Mainqué'),
(3282, 17, 'Mallín Ahogado'),
(3283, 17, 'Mamuel Choique'),
(3284, 17, 'Maquinchao'),
(3285, 17, 'Mencué'),
(3286, 17, 'Ministro Ramos Mexía'),
(3287, 17, 'Nahuel Niyeu'),
(3288, 17, 'Naupa Huen'),
(3289, 17, 'Ojos de Agua'),
(3290, 17, 'Paraje Arroyón (Bajo San Cayetano)'),
(3291, 17, 'Paso Córdova'),
(3292, 17, 'Península Ruca Co'),
(3293, 17, 'Pichi Mahuida'),
(3294, 17, 'Pilcaniyeu'),
(3295, 17, 'Pilquiniyeu'),
(3296, 17, 'Pilquiniyeu del Limay'),
(3297, 17, 'Playas Doradas'),
(3298, 17, 'Pomona'),
(3299, 17, 'Pozo Salado'),
(3300, 17, 'Prahuaniyeu'),
(3301, 17, 'Puente Cero'),
(3302, 17, 'Puerto San Antonio Este'),
(3303, 17, 'Punta Colorada'),
(3304, 17, 'Río Chico'),
(3305, 17, 'Río Colorado'),
(3306, 17, 'Río Villegas'),
(3307, 17, 'Saco Viejo'),
(3308, 17, 'Salto Andersen'),
(3309, 17, 'San Antonio Oeste'),
(3310, 17, 'San Carlos de Bariloche'),
(3311, 17, 'San Javier'),
(3312, 17, 'Sargento Vidal'),
(3313, 17, 'Sierra Colorada'),
(3314, 17, 'Sierra Grande'),
(3315, 17, 'Sierra Pailemán'),
(3316, 17, 'Treneta'),
(3317, 17, 'Valcheta'),
(3318, 17, 'Valle Azul'),
(3319, 17, 'Viedma'),
(3320, 17, 'Villa Alberdi'),
(3321, 17, 'Villa Campanario'),
(3322, 17, 'Villa Catedral'),
(3323, 17, 'Villa Llanquín'),
(3324, 17, 'Villa Llao Llao'),
(3325, 17, 'Villa Manzano'),
(3326, 17, 'Villa Mascardi'),
(3327, 17, 'Villa Regina'),
(3328, 17, 'Villa San Isidro'),
(3329, 17, 'Villa del Parque'),
(3330, 17, 'Yaminué'),
(3331, 17, 'Ñirihuau'),
(3332, 17, 'Ñorquincó'),
(3445, 24, 'Acheral'),
(3446, 24, 'Aguilares'),
(3447, 24, 'Alderetes'),
(3448, 24, 'Alpachiri'),
(3449, 24, 'Alto Verde'),
(3450, 24, 'Amaicha del Valle'),
(3451, 24, 'Arcadia'),
(3452, 24, 'Atahona'),
(3453, 24, 'Banda del Río Salí'),
(3454, 24, 'Barrio Aeropuerto'),
(3455, 24, 'Barrio Araujo'),
(3456, 24, 'Barrio Mutual San Martín'),
(3457, 24, 'Barrio San Felipe'),
(3458, 24, 'Barrio San Jorge'),
(3459, 24, 'Bella Vista'),
(3460, 24, 'Campo de Herrera'),
(3461, 24, 'Capitán Cáceres'),
(3462, 24, 'Choromoro'),
(3463, 24, 'Colalao del Valle'),
(3464, 24, 'Colombres'),
(3465, 24, 'Colonia Mayo - Barrio La Milagrosa'),
(3466, 24, 'Concepción'),
(3467, 24, 'Delfín Gallo'),
(3468, 24, 'El Bracho'),
(3469, 24, 'El Cadillal'),
(3470, 24, 'El Chañar'),
(3471, 24, 'El Corte'),
(3472, 24, 'El Manantial'),
(3473, 24, 'El Mollar'),
(3474, 24, 'El Naranjo'),
(3475, 24, 'El Paraíso'),
(3476, 24, 'Estación Aráoz'),
(3477, 24, 'Ex Ingenio Esperanza'),
(3478, 24, 'Ex Ingenio Los Ralos'),
(3479, 24, 'Ex Ingenio Luján'),
(3480, 24, 'Ex Ingenio Nueva Baviera'),
(3481, 24, 'Ex Ingenio San José'),
(3482, 24, 'Famaillá'),
(3483, 24, 'Garmendia'),
(3484, 24, 'Graneros'),
(3485, 24, 'Iltico'),
(3486, 24, 'Ingenio Fronterita'),
(3487, 24, 'Ingenio La Florida'),
(3488, 24, 'Ingenio San Pablo'),
(3489, 24, 'Ingenio Santa Bárbara'),
(3490, 24, 'Juan Bautista Alberdi'),
(3491, 24, 'La Cocha'),
(3492, 24, 'La Florida'),
(3493, 24, 'La Ramada'),
(3494, 24, 'La Reducción'),
(3495, 24, 'La Trinidad'),
(3496, 24, 'Lamadrid'),
(3497, 24, 'Las Cejas'),
(3498, 24, 'Lastenia'),
(3499, 24, 'Los Gutiérrez'),
(3500, 24, 'Los Puestos'),
(3501, 24, 'Los Ralos'),
(3502, 24, 'Los Sarmientos'),
(3503, 24, 'Lules'),
(3504, 24, 'Macomitas'),
(3505, 24, 'Manuel García Fernández'),
(3506, 24, 'Medina'),
(3507, 24, 'Monteagudo'),
(3508, 24, 'Monteros'),
(3509, 24, 'Nueva Trinidad'),
(3510, 24, 'Pacará'),
(3511, 24, 'Piedrabuena'),
(3512, 24, 'Pueblo Independencia'),
(3513, 24, 'Ranchillos'),
(3514, 24, 'Río Chico'),
(3515, 24, 'Río Colorado'),
(3516, 24, 'Río Seco'),
(3517, 24, 'San Andrés'),
(3518, 24, 'San José de La Cocha'),
(3519, 24, 'San Miguel de Tucumán'),
(3520, 24, 'San Pedro de Colalao'),
(3521, 24, 'Santa Ana'),
(3522, 24, 'Santa Cruz'),
(3523, 24, 'Santa Lucía'),
(3524, 24, 'Santa Rosa de Leales'),
(3525, 24, 'Sargento Moya'),
(3526, 24, 'Simoca'),
(3527, 24, 'Soldado Maldonado'),
(3528, 24, 'Taco Ralo'),
(3529, 24, 'Tafí Viejo'),
(3530, 24, 'Tafí del Valle'),
(3531, 24, 'Teniente Berdina'),
(3532, 24, 'Villa Belgrano'),
(3533, 24, 'Villa Benjamín Aráoz'),
(3534, 24, 'Villa Burruyacú'),
(3535, 24, 'Villa Carmela'),
(3536, 24, 'Villa Chicligasta'),
(3537, 24, 'Villa Clodomiro Hileret'),
(3538, 24, 'Villa Fiad - Ingenio Leales'),
(3539, 24, 'Villa Mariano Moreno - El Colmenar'),
(3540, 24, 'Villa Padre Monti'),
(3541, 24, 'Villa Quinteros'),
(3542, 24, 'Villa Recaste'),
(3543, 24, 'Villa Tercera'),
(3544, 24, 'Villa de Leales'),
(3545, 24, 'Villa de Trancas'),
(3546, 24, 'Yerba Buena - Marcos Paz'),
(3572, 18, 'Acoyte'),
(3573, 18, 'Aguaray'),
(3574, 18, 'Aguas Blancas'),
(3575, 18, 'Alto de la Sierra'),
(3576, 18, 'Ampascachi'),
(3577, 18, 'Angastaco'),
(3578, 18, 'Animaná'),
(3579, 18, 'Antillá'),
(3580, 18, 'Apolinario Saravia'),
(3581, 18, 'Barrio Finca La Maroma'),
(3582, 18, 'Barrio La Rotonda'),
(3583, 18, 'Barrio Santa Teresita'),
(3584, 18, 'Cabra Corral'),
(3585, 18, 'Cachi'),
(3586, 18, 'Cafayate'),
(3587, 18, 'Campichuelo'),
(3588, 18, 'Campo Durán'),
(3589, 18, 'Campo La Cruz'),
(3590, 18, 'Campo Quijano'),
(3591, 18, 'Campo Santo'),
(3592, 18, 'Capiazuti'),
(3593, 18, 'Capitán Juan Pagé'),
(3594, 18, 'Carboncito'),
(3595, 18, 'Ceibalito'),
(3596, 18, 'Centro 25 de Junio'),
(3597, 18, 'Cerrillos'),
(3598, 18, 'Chicoana'),
(3599, 18, 'Cobos'),
(3600, 18, 'Cobres'),
(3601, 18, 'Colonia Santa Rosa'),
(3602, 18, 'Copo Quile'),
(3603, 18, 'Coronel Cornejo'),
(3604, 18, 'Coronel Juan Solá'),
(3605, 18, 'Coronel Moldes'),
(3606, 18, 'Coronel Mollinedo'),
(3607, 18, 'Coronel Olleros'),
(3608, 18, 'Country Club El Tipal'),
(3609, 18, 'Country Club La Almudena'),
(3610, 18, 'Dragones'),
(3611, 18, 'El Bordo'),
(3612, 18, 'El Carril'),
(3613, 18, 'El Galpón'),
(3614, 18, 'El Jardín'),
(3615, 18, 'El Naranjo'),
(3616, 18, 'El Potrero'),
(3617, 18, 'El Quebrachal'),
(3618, 18, 'El Tabacal'),
(3619, 18, 'El Tala'),
(3620, 18, 'El Tunal'),
(3621, 18, 'Embarcación'),
(3622, 18, 'Gaona'),
(3623, 18, 'General Ballivián'),
(3624, 18, 'General Güemes'),
(3625, 18, 'General Mosconi'),
(3626, 18, 'General Pizarro'),
(3627, 18, 'Guachipas'),
(3628, 18, 'Hickman'),
(3629, 18, 'Hipólito Yrigoyen'),
(3630, 18, 'Hito 1'),
(3631, 18, 'Iruya'),
(3632, 18, 'Isla de Cañas'),
(3633, 18, 'Joaquín V. González'),
(3634, 18, 'La Caldera'),
(3635, 18, 'La Candelaria'),
(3636, 18, 'La Merced'),
(3637, 18, 'La Merced del Encón'),
(3638, 18, 'La Misión'),
(3639, 18, 'La Poma'),
(3640, 18, 'La Puerta'),
(3641, 18, 'La Silleta'),
(3642, 18, 'La Unión'),
(3643, 18, 'La Viña'),
(3644, 18, 'Las Lajitas'),
(3645, 18, 'Los Blancos'),
(3646, 18, 'Los Toldos'),
(3647, 18, 'Luis Burela'),
(3648, 18, 'Lumbreras'),
(3649, 18, 'Macapillo'),
(3650, 18, 'Misión Chaqueña'),
(3651, 18, 'Misión Kilómetro 6'),
(3652, 18, 'Misión Tierras Fiscales'),
(3653, 18, 'Molinos'),
(3654, 18, 'Nazareno'),
(3655, 18, 'Nuestra Señora de Talavera'),
(3656, 18, 'Olacapato'),
(3657, 18, 'Pacará'),
(3658, 18, 'Padre Lozano'),
(3659, 18, 'Payogasta'),
(3660, 18, 'Pichanal'),
(3661, 18, 'Piquete Cabado'),
(3662, 18, 'Piquirenda'),
(3663, 18, 'Pluma de Pato'),
(3664, 18, 'Poscaya'),
(3665, 18, 'Profesor Salvador Mazza'),
(3666, 18, 'Pueblo Viejo'),
(3667, 18, 'Recaredo'),
(3668, 18, 'Rivadavia'),
(3669, 18, 'Rosario de Lerma'),
(3670, 18, 'Rosario de la Frontera'),
(3671, 18, 'Río Piedras'),
(3672, 18, 'Río del Valle'),
(3673, 18, 'Salta'),
(3674, 18, 'San Agustín'),
(3675, 18, 'San Antonio de los Cobres'),
(3676, 18, 'San Carlos'),
(3677, 18, 'San Felipe'),
(3678, 18, 'San José de Metán (Est. Metán)'),
(3679, 18, 'San José de Orquera'),
(3680, 18, 'San Marcos'),
(3681, 18, 'San Ramón de la Nueva Orán'),
(3682, 18, 'Santa María'),
(3683, 18, 'Santa Rosa'),
(3684, 18, 'Santa Rosa de los Pastos Grandes'),
(3685, 18, 'Santa Victoria'),
(3686, 18, 'Santa Victoria Este'),
(3687, 18, 'Seclantás'),
(3688, 18, 'Talapampa'),
(3689, 18, 'Tartagal'),
(3690, 18, 'Tobantirenda'),
(3691, 18, 'Tolar Grande'),
(3692, 18, 'Tolloche'),
(3693, 18, 'Tolombón'),
(3694, 18, 'Tranquitas'),
(3695, 18, 'Urundel'),
(3696, 18, 'Vaqueros'),
(3697, 18, 'Villa San Lorenzo'),
(3698, 18, 'Yacuy'),
(3699, 20, '5ta Brigada'),
(3700, 20, 'Alto Pelado'),
(3701, 20, 'Alto Pencoso'),
(3702, 20, 'Anchorena'),
(3703, 20, 'Arizona'),
(3704, 20, 'Bagual'),
(3705, 20, 'Balde'),
(3706, 20, 'Batavia'),
(3707, 20, 'Beazley'),
(3708, 20, 'Buena Esperanza'),
(3709, 20, 'Candelaria'),
(3710, 20, 'Carolina'),
(3711, 20, 'Carpintería'),
(3712, 20, 'Cazador'),
(3713, 20, 'Cerro Colorado'),
(3714, 20, 'Chosmes'),
(3715, 20, 'Concarán'),
(3716, 20, 'Cortaderas'),
(3717, 20, 'Country Club Los Caldenes'),
(3718, 20, 'Cruz de Piedra'),
(3719, 20, 'Desaguadero'),
(3720, 20, 'El Chorrillo'),
(3721, 20, 'El Trapiche'),
(3722, 20, 'El Volcán'),
(3723, 20, 'Estancia Grande'),
(3724, 20, 'Fortuna'),
(3725, 20, 'Fortín El Patria'),
(3726, 20, 'Fraga'),
(3727, 20, 'Jarilla'),
(3728, 20, 'Juan Jorba'),
(3729, 20, 'Juan Llerena'),
(3730, 20, 'Juana Koslay'),
(3731, 20, 'Justo Daract'),
(3732, 20, 'La Calera'),
(3733, 20, 'La Florida'),
(3734, 20, 'La Maroma'),
(3735, 20, 'La Punilla'),
(3736, 20, 'La Punta'),
(3737, 20, 'La Ribera'),
(3738, 20, 'La Toma'),
(3739, 20, 'La Vertiente'),
(3740, 20, 'Lafinur'),
(3741, 20, 'Las Aguadas'),
(3742, 20, 'Las Chacras'),
(3743, 20, 'Las Lagunas'),
(3744, 20, 'Lavaisse'),
(3745, 20, 'Leandro N. Alem'),
(3746, 20, 'Los Cajones'),
(3747, 20, 'Los Molles'),
(3748, 20, 'Los Overos'),
(3749, 20, 'Luján'),
(3750, 20, 'Martín de Loyola'),
(3751, 20, 'Merlo'),
(3752, 20, 'Mosmota'),
(3753, 20, 'Nación Ranquel'),
(3754, 20, 'Nahuel Mapá'),
(3755, 20, 'Naschel'),
(3756, 20, 'Navia'),
(3757, 20, 'Nogolí'),
(3758, 20, 'Nueva Galia'),
(3759, 20, 'Papagayos'),
(3760, 20, 'Paso Grande'),
(3761, 20, 'Potrerillo'),
(3762, 20, 'Potrero de los Funes'),
(3763, 20, 'Quines'),
(3764, 20, 'Renca'),
(3765, 20, 'Riocito'),
(3766, 20, 'Saladillo'),
(3767, 20, 'Salinas del Bebedero'),
(3768, 20, 'San Francisco del Monte de Oro'),
(3769, 20, 'San Jerónimo'),
(3770, 20, 'San José del Morro'),
(3771, 20, 'San Luis'),
(3772, 20, 'San Martín'),
(3773, 20, 'San Pablo'),
(3774, 20, 'San Roque'),
(3775, 20, 'Santa Rosa del Conlara'),
(3776, 20, 'Talita'),
(3777, 20, 'Tilisarao'),
(3778, 20, 'Unión'),
(3779, 20, 'Villa General Roca'),
(3780, 20, 'Villa Larca'),
(3781, 20, 'Villa Mercedes'),
(3782, 20, 'Villa Reynolds'),
(3783, 20, 'Villa Salles'),
(3784, 20, 'Villa de Praga'),
(3785, 20, 'Villa de la Quebrada'),
(3786, 20, 'Villa del Carmen'),
(3787, 20, 'Zanjitas'),
(3826, 19, '9 de Julio'),
(3827, 19, 'Alto de Sierra'),
(3828, 19, 'Angualasto'),
(3829, 19, 'Astica'),
(3830, 19, 'Balde del Rosario'),
(3831, 19, 'Barreal - Villa Pituil'),
(3832, 19, 'Barrio Municipal'),
(3833, 19, 'Barrio Ruta 40'),
(3834, 19, 'Barrio Sadop - Bella Vista'),
(3835, 19, 'Bermejo'),
(3836, 19, 'Calingasta'),
(3837, 19, 'Carpintería'),
(3838, 19, 'Caucete'),
(3839, 19, 'Cañada Honda'),
(3840, 19, 'Chimbas'),
(3841, 19, 'Chucuma'),
(3842, 19, 'Cienaguita'),
(3843, 19, 'Colonia Fiscal'),
(3844, 19, 'Colonia Gutiérrez'),
(3845, 19, 'Divisadero'),
(3846, 19, 'Dos Acequias'),
(3847, 19, 'El Encón'),
(3848, 19, 'El Medanito'),
(3849, 19, 'El Médano'),
(3850, 19, 'El Rincón'),
(3851, 19, 'Gran China'),
(3852, 19, 'Huaco'),
(3853, 19, 'Iglesia'),
(3854, 19, 'La Chimbera'),
(3855, 19, 'La Falda'),
(3856, 19, 'La Rinconada'),
(3857, 19, 'Las Chacritas'),
(3858, 19, 'Las Flores'),
(3859, 19, 'Las Lagunas'),
(3860, 19, 'Las Talas'),
(3861, 19, 'Las Talas - Los Médanos'),
(3862, 19, 'Las Tapias'),
(3863, 19, 'Los Baldecitos'),
(3864, 19, 'Los Berros'),
(3865, 19, 'Los Médanos'),
(3866, 19, 'Marayes'),
(3867, 19, 'Mogna'),
(3868, 19, 'Niquivil'),
(3869, 19, 'Pampa Vieja'),
(3870, 19, 'Pedernal'),
(3871, 19, 'Pie de Palo'),
(3872, 19, 'Pismanta'),
(3873, 19, 'Punta del Médano'),
(3874, 19, 'Quinto Cuartel'),
(3875, 19, 'Rawson'),
(3876, 19, 'Rivadavia'),
(3877, 19, 'Rodeo'),
(3878, 19, 'San Isidro'),
(3879, 19, 'San José de Jáchal'),
(3880, 19, 'San Juan'),
(3881, 19, 'Santa Lucía'),
(3882, 19, 'Tamberías'),
(3883, 19, 'Tudcum'),
(3884, 19, 'Tupelí'),
(3885, 19, 'Usno'),
(3886, 19, 'Vallecito'),
(3887, 19, 'Villa Aberastain'),
(3888, 19, 'Villa Aberastain - La Rinconada'),
(3889, 19, 'Villa Barboza'),
(3890, 19, 'Villa Barboza - Villa Nacusi'),
(3891, 19, 'Villa Basilio Nievas'),
(3892, 19, 'Villa Bolaños (Médano de Oro)'),
(3893, 19, 'Villa Borjas'),
(3894, 19, 'Villa Borjas - La Chimbera'),
(3895, 19, 'Villa Centenario'),
(3896, 19, 'Villa Dominguito'),
(3897, 19, 'Villa Don Bosco'),
(3898, 19, 'Villa El Salvador'),
(3899, 19, 'Villa El Salvador - Villa Sefair'),
(3900, 19, 'Villa El Tango'),
(3901, 19, 'Villa General San Martín - Campo Afuera'),
(3902, 19, 'Villa Ibáñez'),
(3903, 19, 'Villa Independencia'),
(3904, 19, 'Villa Malvinas Argentinas'),
(3905, 19, 'Villa Media Agua'),
(3906, 19, 'Villa Mercedes'),
(3907, 19, 'Villa Nacusi'),
(3908, 19, 'Villa San Agustín'),
(3909, 19, 'Villa San Martín'),
(3910, 19, 'Villa Santa Rosa'),
(3911, 19, 'Villa Sefair'),
(3912, 19, 'Villa Tacú'),
(3913, 19, 'Villa del Salvador'),
(3953, 4, 'Aarón Castellanos'),
(3954, 4, 'Acébal'),
(3955, 4, 'Aguará Grande'),
(3956, 4, 'Albarellos'),
(3957, 4, 'Alcorta'),
(3958, 4, 'Aldao'),
(3959, 4, 'Alejandra'),
(3960, 4, 'Alvear'),
(3961, 4, 'Ambrosetti'),
(3962, 4, 'Amenábar'),
(3963, 4, 'Angel Gallardo'),
(3964, 4, 'Angeloni'),
(3965, 4, 'Angélica'),
(3966, 4, 'Arbilla'),
(3967, 4, 'Arequito'),
(3968, 4, 'Arminda'),
(3969, 4, 'Armstrong'),
(3970, 4, 'Arocena'),
(3971, 4, 'Arroyo Aguiar'),
(3972, 4, 'Arroyo Ceibal'),
(3973, 4, 'Arroyo Leyes'),
(3974, 4, 'Arroyo Seco'),
(3975, 4, 'Arrufo'),
(3976, 4, 'Arteaga'),
(3977, 4, 'Ataliva'),
(3978, 4, 'Aurelia'),
(3979, 4, 'Avellaneda'),
(3980, 4, 'Balneario La Verde'),
(3981, 4, 'Balneario Monje'),
(3982, 4, 'Barrancas'),
(3983, 4, 'Barrio Arroyo del Medio'),
(3984, 4, 'Barrio Caima'),
(3985, 4, 'Barrio Cicarelli'),
(3986, 4, 'Barrio El Pacaá - Barrio Comipini'),
(3987, 4, 'Barrio Mitre'),
(3988, 4, 'Barrios Acapulco y Veracruz'),
(3989, 4, 'Bauer y Sigel'),
(3990, 4, 'Bella Italia'),
(3991, 4, 'Beravebú'),
(3992, 4, 'Berna'),
(3993, 4, 'Bernardo de Irigoyen'),
(3994, 4, 'Bigand'),
(3995, 4, 'Bombal'),
(3996, 4, 'Bouquet'),
(3997, 4, 'Bustinza'),
(3998, 4, 'Cabal'),
(3999, 4, 'Cacique Ariacaiquín'),
(4000, 4, 'Cafferata'),
(4001, 4, 'Calchaquí'),
(4002, 4, 'Campo Andino'),
(4003, 4, 'Candioti'),
(4004, 4, 'Capitán Bermúdez'),
(4005, 4, 'Capivara'),
(4006, 4, 'Carcarañá'),
(4007, 4, 'Carlos Pellegrini'),
(4008, 4, 'Carmen'),
(4009, 4, 'Carmen del Sauce'),
(4010, 4, 'Carreras'),
(4011, 4, 'Carrizales'),
(4012, 4, 'Casalegno'),
(4013, 4, 'Casas'),
(4014, 4, 'Casilda'),
(4015, 4, 'Castelar'),
(4016, 4, 'Castellanos'),
(4017, 4, 'Cavour'),
(4018, 4, 'Cayastacito'),
(4019, 4, 'Cayastá'),
(4020, 4, 'Cañada Ombú'),
(4021, 4, 'Cañada Rica'),
(4022, 4, 'Cañada Rosquín'),
(4023, 4, 'Cañada de Gómez'),
(4024, 4, 'Cañada del Ucle'),
(4025, 4, 'Centeno'),
(4026, 4, 'Cepeda'),
(4027, 4, 'Ceres'),
(4028, 4, 'Chabas'),
(4029, 4, 'Chapuy'),
(4030, 4, 'Chañar Ladeado'),
(4031, 4, 'Chovet'),
(4032, 4, 'Christophersen'),
(4033, 4, 'Classon'),
(4034, 4, 'Colmena'),
(4035, 4, 'Colonia Ana'),
(4036, 4, 'Colonia Belgrano'),
(4037, 4, 'Colonia Bicha'),
(4038, 4, 'Colonia Bossi'),
(4039, 4, 'Colonia Cello'),
(4040, 4, 'Colonia Dolores'),
(4041, 4, 'Colonia Durán'),
(4042, 4, 'Colonia Margarita'),
(4043, 4, 'Colonia Médici'),
(4044, 4, 'Colonia Raquel'),
(4045, 4, 'Colonia Rosa'),
(4046, 4, 'Constanza'),
(4047, 4, 'Coronda'),
(4048, 4, 'Coronel Arnold'),
(4049, 4, 'Coronel Bogado'),
(4050, 4, 'Coronel Fraga'),
(4051, 4, 'Coronel Rodolfo S. Domínguez'),
(4052, 4, 'Correa'),
(4053, 4, 'Crispi'),
(4054, 4, 'Cuatro Esquinas'),
(4055, 4, 'Cululú'),
(4056, 4, 'Curupaytí'),
(4057, 4, 'Desvío Arijón'),
(4058, 4, 'Diego de Alvear'),
(4059, 4, 'Díaz'),
(4060, 4, 'Egusquiza'),
(4061, 4, 'El Araza'),
(4062, 4, 'El Caramelo'),
(4063, 4, 'El Rabón'),
(4064, 4, 'El Trébol'),
(4065, 4, 'Elisa'),
(4066, 4, 'Elortondo'),
(4067, 4, 'Emilia'),
(4068, 4, 'Empalme San Carlos'),
(4069, 4, 'Empalme Villa Constitución'),
(4070, 4, 'Esmeralda'),
(4071, 4, 'Esperanza'),
(4072, 4, 'Estación Clucellas'),
(4073, 4, 'Estación Presidente Roca'),
(4074, 4, 'Estación Saguier'),
(4075, 4, 'Esteban Rams'),
(4076, 4, 'Esther'),
(4077, 4, 'Eusebia y Carolina'),
(4078, 4, 'Eustolia'),
(4079, 4, 'Felicia'),
(4080, 4, 'Fighiera'),
(4081, 4, 'Firmat'),
(4082, 4, 'Florencia'),
(4083, 4, 'Fortín Olmos'),
(4084, 4, 'Franck'),
(4085, 4, 'Fray Luis Beltrán'),
(4086, 4, 'Frontera'),
(4087, 4, 'Fuentes'),
(4088, 4, 'Funes'),
(4089, 4, 'Gaboto'),
(4090, 4, 'Garabato'),
(4091, 4, 'Garibaldi'),
(4092, 4, 'Gato Colorado'),
(4093, 4, 'General Gelly'),
(4094, 4, 'General Lagos'),
(4095, 4, 'Gessler'),
(4096, 4, 'Gobernador Crespo'),
(4097, 4, 'Godoy'),
(4098, 4, 'Golondrina'),
(4099, 4, 'Granadero Baigorria'),
(4100, 4, 'Gregoria Pérez de Denis'),
(4101, 4, 'Grutly'),
(4102, 4, 'Guadalupe Norte'),
(4103, 4, 'Gálvez'),
(4104, 4, 'Gödeken'),
(4105, 4, 'Helvecia'),
(4106, 4, 'Hersilia'),
(4107, 4, 'Hipatía'),
(4108, 4, 'Huanqueros'),
(4109, 4, 'Hughes'),
(4110, 4, 'Humberto Primo'),
(4111, 4, 'Humboldt'),
(4112, 4, 'Ibarlucea'),
(4113, 4, 'Ingeniero Chanourdie'),
(4114, 4, 'Intiyaco'),
(4115, 4, 'Irigoyen'),
(4116, 4, 'Jacinto L. Aráuz'),
(4117, 4, 'Josefina'),
(4118, 4, 'Juan B. Molina'),
(4119, 4, 'Juncal'),
(4120, 4, 'Kilómetro 101'),
(4121, 4, 'Kilómetro 115'),
(4122, 4, 'La Brava'),
(4123, 4, 'La Cabral'),
(4124, 4, 'La Chispa'),
(4125, 4, 'La Criolla'),
(4126, 4, 'La Gallareta'),
(4127, 4, 'La Isleta'),
(4128, 4, 'La Lucila'),
(4129, 4, 'La Pelada'),
(4130, 4, 'La Penca y Caraguatá'),
(4131, 4, 'La Rubia'),
(4132, 4, 'La Sarita'),
(4133, 4, 'La Vanguardia'),
(4134, 4, 'Labordeboy'),
(4135, 4, 'Laguna Paiva'),
(4136, 4, 'Landeta'),
(4137, 4, 'Lanteri'),
(4138, 4, 'Larguía'),
(4139, 4, 'Larrechea'),
(4140, 4, 'Las Avispas'),
(4141, 4, 'Las Bandurrias'),
(4142, 4, 'Las Garzas'),
(4143, 4, 'Las Palmeras'),
(4144, 4, 'Las Parejas'),
(4145, 4, 'Las Petacas'),
(4146, 4, 'Las Rosas'),
(4147, 4, 'Las Toscas'),
(4148, 4, 'Las Tunas'),
(4149, 4, 'Lazzarino'),
(4150, 4, 'Lehmann'),
(4151, 4, 'Llambi Campbell'),
(4152, 4, 'Logroño'),
(4153, 4, 'Loma Alta'),
(4154, 4, 'Los Amores'),
(4155, 4, 'Los Cardos'),
(4156, 4, 'Los Laureles'),
(4157, 4, 'Los Molinos'),
(4158, 4, 'Los Muchachos - La Alborada'),
(4159, 4, 'Los Nogales'),
(4160, 4, 'Los Quirquinchos'),
(4161, 4, 'Los Zapallos'),
(4162, 4, 'Lucio V. López'),
(4163, 4, 'Luis Palacios'),
(4164, 4, 'López'),
(4165, 4, 'Maciel'),
(4166, 4, 'Maggiolo'),
(4167, 4, 'Malabrigo'),
(4168, 4, 'Marcelino Escalada'),
(4169, 4, 'Margarita'),
(4170, 4, 'María Juana'),
(4171, 4, 'María Luisa'),
(4172, 4, 'María Susana'),
(4173, 4, 'María Teresa'),
(4174, 4, 'Matilde'),
(4175, 4, 'Melincué'),
(4176, 4, 'Miguel Torres'),
(4177, 4, 'Moisés Ville'),
(4178, 4, 'Monigotes'),
(4179, 4, 'Monje'),
(4180, 4, 'Monte Flores'),
(4181, 4, 'Monte Vera'),
(4182, 4, 'Montefiore'),
(4183, 4, 'Montes de Oca'),
(4184, 4, 'Murphy'),
(4185, 4, 'Máximo Paz'),
(4186, 4, 'Naré'),
(4187, 4, 'Nelson'),
(4188, 4, 'Nueva Lehmann'),
(4189, 4, 'Nuevo Torino'),
(4190, 4, 'Oliveros'),
(4191, 4, 'Palacios'),
(4192, 4, 'Paraje 29'),
(4193, 4, 'Paraje Chaco Chico'),
(4194, 4, 'Paraje La Costa'),
(4195, 4, 'Paraje San Manuel'),
(4196, 4, 'Pavón'),
(4197, 4, 'Pavón Arriba'),
(4198, 4, 'Pedro Gómez Cello'),
(4199, 4, 'Peyrano'),
(4200, 4, 'Piamonte'),
(4201, 4, 'Pilar'),
(4202, 4, 'Piñero'),
(4203, 4, 'Plaza Clucellas'),
(4204, 4, 'Plaza Matilde'),
(4205, 4, 'Plaza Saguier'),
(4206, 4, 'Pozo Borrado'),
(4207, 4, 'Pozo de los Indios'),
(4208, 4, 'Presidente Roca'),
(4209, 4, 'Progreso'),
(4210, 4, 'Providencia'),
(4211, 4, 'Pueblo Andino'),
(4212, 4, 'Pueblo Esther'),
(4213, 4, 'Pueblo Marini'),
(4214, 4, 'Pueblo Muñóz'),
(4215, 4, 'Pueblo Santa Lucía'),
(4216, 4, 'Pueblo Uranga'),
(4217, 4, 'Puerto Aragón'),
(4218, 4, 'Puerto Arroyo Seco'),
(4219, 4, 'Puerto General San Martín'),
(4220, 4, 'Puerto Reconquista'),
(4221, 4, 'Pujato'),
(4222, 4, 'Pérez'),
(4223, 4, 'Rafaela'),
(4224, 4, 'Ramayón'),
(4225, 4, 'Ramona'),
(4226, 4, 'Reconquista'),
(4227, 4, 'Recreo'),
(4228, 4, 'Ricardone'),
(4229, 4, 'Rincón Norte'),
(4230, 4, 'Rincón Potrero'),
(4231, 4, 'Roldán'),
(4232, 4, 'Romang'),
(4233, 4, 'Rosario'),
(4234, 4, 'Rueda'),
(4235, 4, 'Rufino'),
(4236, 4, 'Sa Pereyra'),
(4237, 4, 'Saladero Mariano Cabal'),
(4238, 4, 'Salto Grande'),
(4239, 4, 'San Agustín'),
(4240, 4, 'San Antonio'),
(4241, 4, 'San Antonio de Obligado'),
(4242, 4, 'San Bernardo'),
(4243, 4, 'San Carlos Centro'),
(4244, 4, 'San Carlos Norte'),
(4245, 4, 'San Carlos Sud'),
(4246, 4, 'San Cristóbal'),
(4247, 4, 'San Eduardo'),
(4248, 4, 'San Eugenio'),
(4249, 4, 'San Fabián'),
(4250, 4, 'San Francisco de Santa Fe'),
(4251, 4, 'San Genaro'),
(4252, 4, 'San Genaro Norte'),
(4253, 4, 'San Gregorio'),
(4254, 4, 'San Guillermo'),
(4255, 4, 'San Javier'),
(4256, 4, 'San Jerónimo Norte'),
(4257, 4, 'San Jerónimo Sud'),
(4258, 4, 'San Jerónimo del Sauce'),
(4259, 4, 'San Jorge'),
(4260, 4, 'San José de la Esquina'),
(4261, 4, 'San José del Rincón'),
(4262, 4, 'San Justo'),
(4263, 4, 'San Lorenzo'),
(4264, 4, 'San Mariano'),
(4265, 4, 'San Martín Norte'),
(4266, 4, 'San Martín de las Escobas'),
(4267, 4, 'San Vicente'),
(4268, 4, 'Sancti Spiritu'),
(4269, 4, 'Sanford'),
(4270, 4, 'Santa Clara de Buena Vista'),
(4271, 4, 'Santa Clara de Saguier'),
(4272, 4, 'Santa Fe'),
(4273, 4, 'Santa Isabel'),
(4274, 4, 'Santa Margarita'),
(4275, 4, 'Santa Rosa de Calchines'),
(4276, 4, 'Santa Teresa'),
(4277, 4, 'Santo Domingo'),
(4278, 4, 'Santo Tomé'),
(4279, 4, 'Santurce'),
(4280, 4, 'Sargento Cabral'),
(4281, 4, 'Sarmiento'),
(4282, 4, 'Sastre'),
(4283, 4, 'Sauce Viejo'),
(4284, 4, 'Serodino'),
(4285, 4, 'Silva'),
(4286, 4, 'Soldini'),
(4287, 4, 'Soledad'),
(4288, 4, 'Stephenson'),
(4289, 4, 'Suardi'),
(4290, 4, 'Sunchales'),
(4291, 4, 'Susana'),
(4292, 4, 'Tacuarendí'),
(4293, 4, 'Tacural'),
(4294, 4, 'Tartagal'),
(4295, 4, 'Teodelina'),
(4296, 4, 'Theobald'),
(4297, 4, 'Timbúes'),
(4298, 4, 'Toba'),
(4299, 4, 'Tortugas'),
(4300, 4, 'Tostado'),
(4301, 4, 'Totoras'),
(4302, 4, 'Traill'),
(4303, 4, 'Venado Tuerto'),
(4304, 4, 'Vera'),
(4305, 4, 'Vera y Pintado'),
(4306, 4, 'Videla'),
(4307, 4, 'Vila'),
(4308, 4, 'Villa Adelina'),
(4309, 4, 'Villa Amelia'),
(4310, 4, 'Villa Ana'),
(4311, 4, 'Villa Cañás'),
(4312, 4, 'Villa Constitución'),
(4313, 4, 'Villa Eloísa'),
(4314, 4, 'Villa Elvira'),
(4315, 4, 'Villa Gobernador Gálvez'),
(4316, 4, 'Villa Guillermina'),
(4317, 4, 'Villa Josefina'),
(4318, 4, 'Villa La Rivera (Oliveros)'),
(4319, 4, 'Villa La Rivera (Pueblo Andino)'),
(4320, 4, 'Villa Laura'),
(4321, 4, 'Villa Minetti'),
(4322, 4, 'Villa Mugueta'),
(4323, 4, 'Villa Ocampo'),
(4324, 4, 'Villa San José'),
(4325, 4, 'Villa Saralegui'),
(4326, 4, 'Villa Trinidad'),
(4327, 4, 'Villa del Plata'),
(4328, 4, 'Villada'),
(4329, 4, 'Virginia'),
(4330, 4, 'Wheelwright'),
(4331, 4, 'Wildermuth'),
(4332, 4, 'Zavalla'),
(4333, 4, 'Zenón Pereyra'),
(4334, 4, 'Álvarez'),
(4335, 4, 'Ñanducita'),
(4464, 9, '9 de Julio'),
(4465, 9, 'Alvear'),
(4466, 9, 'Bella Vista'),
(4467, 9, 'Berón de Astrada'),
(4468, 9, 'Bonpland'),
(4469, 9, 'Carolina'),
(4470, 9, 'Cazadores Correntinos'),
(4471, 9, 'Chavarría'),
(4472, 9, 'Colonia Carlos Pellegrini'),
(4473, 9, 'Colonia Libertad'),
(4474, 9, 'Colonia Liebig\'s'),
(4475, 9, 'Colonia Pando'),
(4476, 9, 'Concepción'),
(4477, 9, 'Corrientes'),
(4478, 9, 'Cruz de los Milagros'),
(4479, 9, 'Curuzú Cuatiá'),
(4480, 9, 'El Sombrero'),
(4481, 9, 'Empedrado'),
(4482, 9, 'Esquina'),
(4483, 9, 'Estación Libertad'),
(4484, 9, 'Estación Torrent'),
(4485, 9, 'Felipe Yofré'),
(4486, 9, 'Garruchos'),
(4487, 9, 'Gobernador Igr. Valentín Virasoro'),
(4488, 9, 'Gobernador Juan E. Martínez'),
(4489, 9, 'Goya'),
(4490, 9, 'Guaviraví'),
(4491, 9, 'Ingenio Primer Correntino'),
(4492, 9, 'Itatí'),
(4493, 9, 'Ituzaingó'),
(4494, 9, 'Itá Ibaté'),
(4495, 9, 'José Rafael Gómez'),
(4496, 9, 'Juan Pujol'),
(4497, 9, 'La Cruz'),
(4498, 9, 'Lavalle'),
(4499, 9, 'Lomas de Vallejos'),
(4500, 9, 'Loreto'),
(4501, 9, 'Mariano I. Loza'),
(4502, 9, 'Mburucuyá'),
(4503, 9, 'Mercedes'),
(4504, 9, 'Mocoretá'),
(4505, 9, 'Monte Caseros'),
(4506, 9, 'Nuestra Señora del Rosario de Caá Catí'),
(4507, 9, 'Palmar Grande'),
(4508, 9, 'Parada Acuña'),
(4509, 9, 'Parada Labougle'),
(4510, 9, 'Parada Pucheta'),
(4511, 9, 'Paso de la Patria'),
(4512, 9, 'Paso de los Libres'),
(4513, 9, 'Pedro R. Fernández'),
(4514, 9, 'Perugorría'),
(4515, 9, 'Pueblo Libertador'),
(4516, 9, 'Ramada Paso'),
(4517, 9, 'Riachuelo'),
(4518, 9, 'Saladas'),
(4519, 9, 'San Antonio'),
(4520, 9, 'San Carlos'),
(4521, 9, 'San Cayetano'),
(4522, 9, 'San Cosme'),
(4523, 9, 'San Lorenzo'),
(4524, 9, 'San Luis del Palmar'),
(4525, 9, 'San Miguel'),
(4526, 9, 'San Roque'),
(4527, 9, 'Santa Ana'),
(4528, 9, 'Santa Lucía'),
(4529, 9, 'Santa Rosa'),
(4530, 9, 'Santo Tomé'),
(4531, 9, 'Sauce'),
(4532, 9, 'Tabay'),
(4533, 9, 'Tapebicuá'),
(4534, 9, 'Tatacua'),
(4535, 9, 'Villa Córdoba'),
(4536, 9, 'Villa Olivari'),
(4537, 9, 'Yahapé'),
(4538, 9, 'Yapeyú'),
(4539, 9, 'Yatayti Calle'),
(4591, 7, 'Avia Terai'),
(4592, 7, 'Barranqueras'),
(4593, 7, 'Barrio de los Pescadores'),
(4594, 7, 'Basail'),
(4595, 7, 'Campo Largo'),
(4596, 7, 'Capitán Solari'),
(4597, 7, 'Charadai'),
(4598, 7, 'Charata'),
(4599, 7, 'Chorotis'),
(4600, 7, 'Ciervo Petiso'),
(4601, 7, 'Colonia Aborigen'),
(4602, 7, 'Colonia Baranda'),
(4603, 7, 'Colonia Benítez'),
(4604, 7, 'Colonia Elisa'),
(4605, 7, 'Colonia Popular'),
(4606, 7, 'Colonias Unidas'),
(4607, 7, 'Concepción del Bermejo'),
(4608, 7, 'Coronel Du Graty'),
(4609, 7, 'Corzuela'),
(4610, 7, 'Cote Lai'),
(4611, 7, 'El Espinillo'),
(4612, 7, 'El Sauzal'),
(4613, 7, 'El Sauzalito'),
(4614, 7, 'Enrique Urien'),
(4615, 7, 'Estación General Obligado'),
(4616, 7, 'Fontana'),
(4617, 7, 'Fortín Las Chuñas'),
(4618, 7, 'Fortín Lavalle'),
(4619, 7, 'Fuerte Esperanza'),
(4620, 7, 'Gancedo'),
(4621, 7, 'General Capdevila'),
(4622, 7, 'General José de San Martín'),
(4623, 7, 'General Pinedo'),
(4624, 7, 'General Vedia'),
(4625, 7, 'Haumonia'),
(4626, 7, 'Hermoso Campo'),
(4627, 7, 'Horquilla'),
(4628, 7, 'Ingeniero Barbet'),
(4629, 7, 'Isla del Cerrito'),
(4630, 7, 'Itín'),
(4631, 7, 'Juan José Castelli'),
(4632, 7, 'La Clotilde'),
(4633, 7, 'La Eduvigis'),
(4634, 7, 'La Escondida'),
(4635, 7, 'La Leonesa'),
(4636, 7, 'La Sabana'),
(4637, 7, 'La Tigra'),
(4638, 7, 'La Verde'),
(4639, 7, 'Laguna Blanca'),
(4640, 7, 'Laguna Limpia'),
(4641, 7, 'Lapachito'),
(4642, 7, 'Las Breñas'),
(4643, 7, 'Las Garcitas'),
(4644, 7, 'Las Palmas'),
(4645, 7, 'Los Frentones'),
(4646, 7, 'Machagai'),
(4647, 7, 'Makallé'),
(4648, 7, 'Margarita Belén'),
(4649, 7, 'Mesón de Fierro'),
(4650, 7, 'Miraflores'),
(4651, 7, 'Napalpí'),
(4652, 7, 'Napenay'),
(4653, 7, 'Nueva Pompeya'),
(4654, 7, 'Pampa Almirón'),
(4655, 7, 'Pampa Landriel'),
(4656, 7, 'Pampa del Indio'),
(4657, 7, 'Pampa del Infierno'),
(4658, 7, 'Presidencia Roca'),
(4659, 7, 'Presidencia Roque Sáenz Peña'),
(4660, 7, 'Presidencia de la Plaza'),
(4661, 7, 'Puerto Bermejo Nuevo'),
(4662, 7, 'Puerto Bermejo Viejo'),
(4663, 7, 'Puerto Eva Perón'),
(4664, 7, 'Puerto Tirol'),
(4665, 7, 'Puerto Vilelas'),
(4666, 7, 'Quitilipi'),
(4667, 7, 'Resistencia'),
(4668, 7, 'Río Muerto'),
(4669, 7, 'Samuhú'),
(4670, 7, 'San Bernardo'),
(4671, 7, 'Santa Sylvina'),
(4672, 7, 'Selvas del Río de Oro'),
(4673, 7, 'Taco Pozo'),
(4674, 7, 'Tres Isletas'),
(4675, 7, 'Venados Grandes'),
(4676, 7, 'Villa Angela'),
(4677, 7, 'Villa Berthet'),
(4678, 7, 'Villa El Palmar'),
(4679, 7, 'Villa Río Bermejito'),
(4680, 7, 'Wichi'),
(4681, 7, 'Zaparinqui'),
(4718, 13, '25 de Mayo'),
(4719, 13, 'Abramo'),
(4720, 13, 'Adolfo Van Praet'),
(4721, 13, 'Agustoni'),
(4722, 13, 'Algarrobo del Águila'),
(4723, 13, 'Alpachiri'),
(4724, 13, 'Alta Italia'),
(4725, 13, 'Anguil'),
(4726, 13, 'Anzoátegui'),
(4727, 13, 'Arata'),
(4728, 13, 'Ataliva Roca'),
(4729, 13, 'Bernardo Larroude'),
(4730, 13, 'Bernasconi'),
(4731, 13, 'Cachirulo'),
(4732, 13, 'Caleufú'),
(4733, 13, 'Carro Quemado'),
(4734, 13, 'Casa de Piedra'),
(4735, 13, 'Catriló'),
(4736, 13, 'Ceballos'),
(4737, 13, 'Chacharramendi'),
(4738, 13, 'Colonia Barón'),
(4739, 13, 'Colonia San José'),
(4740, 13, 'Colonia Santa María'),
(4741, 13, 'Conhelo'),
(4742, 13, 'Coronel Hilario Lagos'),
(4743, 13, 'Cuchillo Co'),
(4744, 13, 'Damián Maisonave'),
(4745, 13, 'Doblas'),
(4746, 13, 'Dorila'),
(4747, 13, 'Eduardo Castex'),
(4748, 13, 'Embajador Martini'),
(4749, 13, 'Falucho'),
(4750, 13, 'General Acha'),
(4751, 13, 'General Manuel J. Campos'),
(4752, 13, 'General Pico'),
(4753, 13, 'General San Martín'),
(4754, 13, 'Gobernador Duval'),
(4755, 13, 'Guatraché'),
(4756, 13, 'Hucal'),
(4757, 13, 'Ingeniero Foster'),
(4758, 13, 'Ingeniero Luiggi'),
(4759, 13, 'Intendente Alvear'),
(4760, 13, 'Jacinto Aráuz'),
(4761, 13, 'La Adela'),
(4762, 13, 'La Gloria'),
(4763, 13, 'La Humada'),
(4764, 13, 'La Maruja'),
(4765, 13, 'La Reforma'),
(4766, 13, 'Limay Mahuida'),
(4767, 13, 'Lonquimay'),
(4768, 13, 'Loventué'),
(4769, 13, 'Luan Toro'),
(4770, 13, 'Macachín'),
(4771, 13, 'Mauricio Mayer'),
(4772, 13, 'Metileo'),
(4773, 13, 'Miguel Cané'),
(4774, 13, 'Miguel Riglos'),
(4775, 13, 'Monte Nievas'),
(4776, 13, 'Naicó'),
(4777, 13, 'Ojeda'),
(4778, 13, 'Parera'),
(4779, 13, 'Perú'),
(4780, 13, 'Pichi Huinca'),
(4781, 13, 'Puelches'),
(4782, 13, 'Puelén'),
(4783, 13, 'Quehué'),
(4784, 13, 'Quemú Quemú'),
(4785, 13, 'Quetrequén'),
(4786, 13, 'Rancul'),
(4787, 13, 'Realicó'),
(4788, 13, 'Relmo'),
(4789, 13, 'Rolón'),
(4790, 13, 'Rucanelo'),
(4791, 13, 'Santa Isabel'),
(4792, 13, 'Santa Rosa'),
(4793, 13, 'Santa Teresa'),
(4794, 13, 'Sarah'),
(4795, 13, 'Speluzzi'),
(4796, 13, 'Telén'),
(4797, 13, 'Toay'),
(4798, 13, 'Tomás M. Anchorena'),
(4799, 13, 'Trebolares'),
(4800, 13, 'Trenel'),
(4801, 13, 'Unanué'),
(4802, 13, 'Uriburu'),
(4803, 13, 'Victorica'),
(4804, 13, 'Villa Mirasol'),
(4805, 13, 'Vértiz'),
(4806, 13, 'Winifreda'),
(4845, 21, '28 de Noviembre'),
(4846, 21, 'Bajo Caracoles'),
(4847, 21, 'Caleta Olivia'),
(4848, 21, 'Cañadón Seco'),
(4849, 21, 'Comandante Luis Piedrabuena'),
(4850, 21, 'El Calafate'),
(4851, 21, 'El Chaltén'),
(4852, 21, 'El Turbio'),
(4853, 21, 'Fitz Roy'),
(4854, 21, 'Gobernador Gregores'),
(4855, 21, 'Hipólito Yrigoyen'),
(4856, 21, 'Jaramillo'),
(4857, 21, 'Julia Dufour'),
(4858, 21, 'Koluel Kaike'),
(4859, 21, 'Las Heras'),
(4860, 21, 'Los Antiguos'),
(4861, 21, 'Perito Moreno'),
(4862, 21, 'Pico Truncado'),
(4863, 21, 'Puerto Deseado'),
(4864, 21, 'Puerto San Julián'),
(4865, 21, 'Puerto Santa Cruz'),
(4866, 21, 'Rospentek'),
(4867, 21, 'Río Gallegos'),
(4868, 21, 'Tellier'),
(4869, 21, 'Tres Lagos'),
(4870, 21, 'Yacimientos Río Turbio'),
(4876, 22, 'Abra Grande'),
(4877, 22, 'Aerolito'),
(4878, 22, 'Alhuampa'),
(4879, 22, 'Ancaján'),
(4880, 22, 'Antajé'),
(4881, 22, 'Ardiles'),
(4882, 22, 'Argentina'),
(4883, 22, 'Averías'),
(4884, 22, 'Añatuya'),
(4885, 22, 'Bandera'),
(4886, 22, 'Bandera Bajada'),
(4887, 22, 'Beltrán'),
(4888, 22, 'Brea Pozo'),
(4889, 22, 'Campo Gallo'),
(4890, 22, 'Casares'),
(4891, 22, 'Caspi Corral'),
(4892, 22, 'Cañada Escobar'),
(4893, 22, 'Chauchillas'),
(4894, 22, 'Chaupi Pozo'),
(4895, 22, 'Chilca Juliana'),
(4896, 22, 'Choya'),
(4897, 22, 'Clodomira'),
(4898, 22, 'Colonia Alpina'),
(4899, 22, 'Colonia Dora'),
(4900, 22, 'Colonia El Simbolar'),
(4901, 22, 'Colonia San Juan'),
(4902, 22, 'Colonia Tinco'),
(4903, 22, 'Coronel Manuel L. Rico'),
(4904, 22, 'Cuatro Bocas'),
(4905, 22, 'Donadeu'),
(4906, 22, 'El 49'),
(4907, 22, 'El Arenal'),
(4908, 22, 'El Bobadal'),
(4909, 22, 'El Caburé'),
(4910, 22, 'El Charco'),
(4911, 22, 'El Colorado'),
(4912, 22, 'El Crucero'),
(4913, 22, 'El Cuadrado'),
(4914, 22, 'El Deán'),
(4915, 22, 'El Mojón'),
(4916, 22, 'El Rincón'),
(4917, 22, 'El Sauzal'),
(4918, 22, 'El Zanjón'),
(4919, 22, 'Estación Atamisqui'),
(4920, 22, 'Estación La Punta'),
(4921, 22, 'Estación Robles'),
(4922, 22, 'Estación Taboada'),
(4923, 22, 'Estación Tacañitas'),
(4924, 22, 'Fernández'),
(4925, 22, 'Fortín Inca'),
(4926, 22, 'Frías'),
(4927, 22, 'Garza'),
(4928, 22, 'Gramilla'),
(4929, 22, 'Guardia Escolta'),
(4930, 22, 'Hasse'),
(4931, 22, 'Hernán Mejía Miraval'),
(4932, 22, 'Herrera'),
(4933, 22, 'Huyamampa'),
(4934, 22, 'Icaño'),
(4935, 22, 'Ingeniero Forres'),
(4936, 22, 'Isca Yacu'),
(4937, 22, 'Isca Yacu Semaul'),
(4938, 22, 'La Aurora'),
(4939, 22, 'La Banda'),
(4940, 22, 'La Cañada'),
(4941, 22, 'La Dársena'),
(4942, 22, 'La Invernada'),
(4943, 22, 'La Nena'),
(4944, 22, 'La Nueva Donosa'),
(4945, 22, 'Laprida'),
(4946, 22, 'Las Delicias'),
(4947, 22, 'Las Tinajas'),
(4948, 22, 'Lavalle'),
(4949, 22, 'Libertad'),
(4950, 22, 'Lilo Viejo'),
(4951, 22, 'Los Cardozos'),
(4952, 22, 'Los Juríes'),
(4953, 22, 'Los Miranda'),
(4954, 22, 'Los Núñez'),
(4955, 22, 'Los Pirpintos'),
(4956, 22, 'Los Quiroga'),
(4957, 22, 'Los Soria'),
(4958, 22, 'Los Telares'),
(4959, 22, 'Los Tigres'),
(4960, 22, 'Lugones'),
(4961, 22, 'Maco'),
(4962, 22, 'Malbrán'),
(4963, 22, 'Mansupa'),
(4964, 22, 'Maquito'),
(4965, 22, 'Matará'),
(4966, 22, 'Medellín'),
(4967, 22, 'Minerva'),
(4968, 22, 'Monte Quemado'),
(4969, 22, 'Morales'),
(4970, 22, 'Nueva Esperanza'),
(4971, 22, 'Nueva Francia'),
(4972, 22, 'Palo Negro'),
(4973, 22, 'Pampa de los Guanacos'),
(4974, 22, 'Patay'),
(4975, 22, 'Pozo Betbeder'),
(4976, 22, 'Pozo Hondo'),
(4977, 22, 'Pozuelos'),
(4978, 22, 'Pueblo Pablo Torelo'),
(4979, 22, 'Puesto de San Antonio'),
(4980, 22, 'Quimili'),
(4981, 22, 'Ramírez de Velazco'),
(4982, 22, 'Rapelli'),
(4983, 22, 'Real Sayana'),
(4984, 22, 'Rodeo de Valdez'),
(4985, 22, 'Roversi'),
(4986, 22, 'Sachayoj'),
(4987, 22, 'San José del Boquerón'),
(4988, 22, 'San Pedro'),
(4989, 22, 'Santa María'),
(4990, 22, 'Santiago del Estero'),
(4991, 22, 'Santo Domingo'),
(4992, 22, 'Santos Lugares'),
(4993, 22, 'Selva'),
(4994, 22, 'Simbol'),
(4995, 22, 'Simbolar'),
(4996, 22, 'Sol de Julio'),
(4997, 22, 'Sumamao'),
(4998, 22, 'Sumampa'),
(4999, 22, 'Sumampa Viejo'),
(5000, 22, 'Suncho Corral'),
(5001, 22, 'Tapso'),
(5002, 22, 'Termas de Río Hondo'),
(5003, 22, 'Tintina'),
(5004, 22, 'Tomás Young'),
(5005, 22, 'Tramo 16'),
(5006, 22, 'Tramo 20'),
(5007, 22, 'Urutaú'),
(5008, 22, 'Vaca Huañuna'),
(5009, 22, 'Vilelas'),
(5010, 22, 'Villa Atamisqui'),
(5011, 22, 'Villa Figueroa'),
(5012, 22, 'Villa General Mitre'),
(5013, 22, 'Villa Giménez'),
(5014, 22, 'Villa La Punta'),
(5015, 22, 'Villa Mailín'),
(5016, 22, 'Villa Nueva'),
(5017, 22, 'Villa Ojo de Agua'),
(5018, 22, 'Villa Río Hondo'),
(5019, 22, 'Villa Salavina'),
(5020, 22, 'Villa San Martín (Est. Loreto)'),
(5021, 22, 'Villa Silípica'),
(5022, 22, 'Villa Unión'),
(5023, 22, 'Vilmer'),
(5024, 22, 'Vinará'),
(5025, 22, 'Vuelta de la Barranca'),
(5026, 22, 'Weisburd'),
(5027, 22, 'Yanda'),
(5028, 22, 'Yuchán'),
(5029, 22, 'Árraga'),
(5131, 23, 'Laguna Escondida'),
(5132, 23, 'Puerto Argentino'),
(5133, 23, 'Río Grande'),
(5134, 23, 'Ushuaia'),
(5138, 2, 'Agronomía'),
(5139, 2, 'Almagro'),
(5140, 2, 'Balvanera'),
(5141, 2, 'Barracas'),
(5142, 2, 'Belgrano'),
(5143, 2, 'Boca'),
(5144, 2, 'Boedo'),
(5145, 2, 'Caballito'),
(5146, 2, 'Chacarita'),
(5147, 2, 'Ciudad de Buenos Aires'),
(5148, 2, 'Coghlan'),
(5149, 2, 'Colegiales'),
(5150, 2, 'Constitución'),
(5151, 2, 'Flores'),
(5152, 2, 'Floresta'),
(5153, 2, 'Liniers'),
(5154, 2, 'Mataderos'),
(5155, 2, 'Monserrat'),
(5156, 2, 'Monte Castro'),
(5157, 2, 'Nueva Pompeya'),
(5158, 2, 'Nuñez'),
(5159, 2, 'Palermo'),
(5160, 2, 'Parque Avellaneda'),
(5161, 2, 'Parque Chacabuco'),
(5162, 2, 'Parque Chas'),
(5163, 2, 'Parque Patricios'),
(5164, 2, 'Paternal'),
(5165, 2, 'Puerto Madero'),
(5166, 2, 'Recoleta'),
(5167, 2, 'Retiro'),
(5168, 2, 'Saavedra'),
(5169, 2, 'San Cristóbal'),
(5170, 2, 'San Nicolás'),
(5171, 2, 'San Telmo'),
(5172, 2, 'Versalles'),
(5173, 2, 'Villa Crespo'),
(5174, 2, 'Villa Devoto'),
(5175, 2, 'Villa General Mitre'),
(5176, 2, 'Villa Lugano'),
(5177, 2, 'Villa Luro'),
(5178, 2, 'Villa Ortúzar'),
(5179, 2, 'Villa Pueyrredón'),
(5180, 2, 'Villa Real'),
(5181, 2, 'Villa Riachuelo'),
(5182, 2, 'Villa Santa Rita'),
(5183, 2, 'Villa Soldati'),
(5184, 2, 'Villa Urquiza'),
(5185, 2, 'Villa del Parque'),
(5186, 2, 'Vélez Sarsfield');

-- --------------------------------------------------------

--
-- Estructura de tabla para la tabla `mascotas`
--

CREATE TABLE `mascotas` (
  `id` int(11) NOT NULL,
  `nombre` varchar(100) NOT NULL DEFAULT '',
  `especie` varchar(100) NOT NULL DEFAULT '',
  `raza` varchar(100) NOT NULL DEFAULT '',
  `edad` int(11) DEFAULT NULL,
  `dueno_id` int(11) NOT NULL,
  `sexo` enum('macho','hembra','otro') DEFAULT 'macho',
  `fecha_nacimiento` date DEFAULT NULL,
  `color` varchar(50) DEFAULT NULL,
  `peso` decimal(5,2) DEFAULT NULL,
  `esterilizado` tinyint(1) DEFAULT 0,
  `vacunado` tinyint(1) DEFAULT 0,
  `microchip` varchar(100) DEFAULT NULL,
  `observaciones` text DEFAULT NULL,
  `foto` varchar(200) DEFAULT NULL,
  `activo` tinyint(1) DEFAULT 1
) ENGINE=InnoDB DEFAULT CHARSET=utf8mb4 COLLATE=utf8mb4_general_ci;

-- --------------------------------------------------------

--
-- Estructura de tabla para la tabla `migrations`
--

CREATE TABLE `migrations` (
  `id` int(10) UNSIGNED NOT NULL,
  `migration` varchar(255) NOT NULL,
  `batch` int(11) NOT NULL
) ENGINE=InnoDB DEFAULT CHARSET=utf8mb4 COLLATE=utf8mb4_unicode_ci;

--
-- Volcado de datos para la tabla `migrations`
--

INSERT INTO `migrations` (`id`, `migration`, `batch`) VALUES
(1, '0001_01_01_000000_create_users_table', 1),
(2, '0001_01_01_000001_create_cache_table', 1),
(3, '0001_01_01_000002_create_jobs_table', 1),
(4, '2025_10_31_000100_add_email_verified_at_to_usuarios_table', 1),
(5, '2025_10_31_000200_create_servicios_table', 2),
(6, '2025_10_31_000300_create_reservas_table', 2),
(7, '2025_10_31_000400_create_historial_servicios_table', 2),
(8, '2025_11_01_000500_create_prestador_fotos_table', 3),
(9, '2025_11_01_000600_alter_servicios_add_location_contact_plan', 4),
(10, '2025_11_01_000700_create_bitacora_table', 5),
(11, '2025_11_01_000800_alter_servicios_add_barrio', 6),
(12, '2025_11_01_000900_alter_servicios_add_rubro_especialidades', 7),
(13, '2025_11_01_001000_alter_usuarios_add_newsletter_optin', 8),
(14, '2025_11_01_001100_add_remember_token_to_usuarios_table', 9),
(15, '2025_11_01_001200_alter_prestador_fotos_add_moderation_and_ruta', 10),
(16, '2025_11_01_010500_alter_servicios_add_departamento', 11),
(17, '2025_11_01_020000_create_mascotas_table', 12),
(18, '2025_11_02_000800_alter_prestador_fotos_add_moderation_columns', 13);

-- --------------------------------------------------------

--
-- Estructura de tabla para la tabla `password_reset_tokens`
--

CREATE TABLE `password_reset_tokens` (
  `email` varchar(255) NOT NULL,
  `token` varchar(255) NOT NULL,
  `created_at` timestamp NULL DEFAULT NULL
) ENGINE=InnoDB DEFAULT CHARSET=utf8mb4 COLLATE=utf8mb4_unicode_ci;

-- --------------------------------------------------------

--
-- Estructura de tabla para la tabla `prestadores`
--

CREATE TABLE `prestadores` (
  `id` int(11) NOT NULL,
  `usuario_id` int(11) NOT NULL,
  `nombre_comercial` varchar(150) DEFAULT NULL,
  `telefono` varchar(50) DEFAULT NULL,
  `direccion` varchar(255) DEFAULT NULL,
  `provincia_id` int(11) DEFAULT NULL,
  `ciudad_id` int(11) DEFAULT NULL,
  `lat` decimal(10,7) DEFAULT NULL,
  `lng` decimal(10,7) DEFAULT NULL,
  `descripcion` text DEFAULT NULL,
  `destacado` tinyint(4) DEFAULT 0,
  `verificado` tinyint(4) DEFAULT 0,
  `created_at` datetime DEFAULT current_timestamp()
) ENGINE=InnoDB DEFAULT CHARSET=utf8mb4 COLLATE=utf8mb4_general_ci;

-- --------------------------------------------------------

--
-- Estructura de tabla para la tabla `prestador_fotos`
--

CREATE TABLE `prestador_fotos` (
  `id` int(10) UNSIGNED NOT NULL,
  `prestador_id` int(11) NOT NULL,
  `ruta` varchar(255) DEFAULT NULL,
  `orden` tinyint(4) NOT NULL DEFAULT 0,
  `activo` tinyint(4) NOT NULL DEFAULT 1,
  `status` varchar(16) NOT NULL DEFAULT 'pending',
  `ai_labels` longtext CHARACTER SET utf8mb4 COLLATE utf8mb4_bin DEFAULT NULL CHECK (json_valid(`ai_labels`)),
  `ai_score` decimal(5,2) DEFAULT NULL,
  `ai_provider` varchar(32) DEFAULT NULL,
  `flag_reason` varchar(255) DEFAULT NULL,
  `review_required` tinyint(1) NOT NULL DEFAULT 1,
  `aprobada` tinyint(4) NOT NULL DEFAULT 0,
  `motivo_rechazo` varchar(255) DEFAULT NULL,
  `fecha_alta` timestamp NOT NULL DEFAULT current_timestamp()
) ENGINE=InnoDB DEFAULT CHARSET=utf8mb4 COLLATE=utf8mb4_unicode_ci;

-- --------------------------------------------------------

--
-- Estructura de tabla para la tabla `provincias`
--

CREATE TABLE `provincias` (
  `id` int(11) NOT NULL,
  `nombre` varchar(100) NOT NULL
) ENGINE=InnoDB DEFAULT CHARSET=utf8mb4 COLLATE=utf8mb4_general_ci;

--
-- Volcado de datos para la tabla `provincias`
--

INSERT INTO `provincias` (`id`, `nombre`) VALUES
(1, 'Buenos Aires'),
(6, 'Catamarca'),
(7, 'Chaco'),
(8, 'Chubut'),
(2, 'Ciudad Autónoma de Buenos Aires'),
(3, 'Córdoba'),
(9, 'Corrientes'),
(10, 'Entre Ríos'),
(11, 'Formosa'),
(12, 'Jujuy'),
(13, 'La Pampa'),
(14, 'La Rioja'),
(5, 'Mendoza'),
(15, 'Misiones'),
(16, 'Neuquén'),
(17, 'Río Negro'),
(18, 'Salta'),
(19, 'San Juan'),
(20, 'San Luis'),
(21, 'Santa Cruz'),
(4, 'Santa Fe'),
(22, 'Santiago del Estero'),
(73, 'Tierra del Fuego'),
(23, 'Tierra del Fuego, Antártida e Islas del Atlántico Sur'),
(24, 'Tucumán');

-- --------------------------------------------------------

--
-- Estructura de tabla para la tabla `recordatorios`
--

CREATE TABLE `recordatorios` (
  `id` int(11) NOT NULL,
  `usuario_id` int(11) NOT NULL,
  `mascota_id` int(11) NOT NULL,
  `titulo` varchar(255) NOT NULL,
  `fecha` date NOT NULL,
  `tipo` enum('vacuna','control','baño','otro') DEFAULT 'otro',
  `notificado` tinyint(4) DEFAULT 0,
  `created_at` datetime DEFAULT current_timestamp()
) ENGINE=InnoDB DEFAULT CHARSET=utf8mb4 COLLATE=utf8mb4_general_ci;

-- --------------------------------------------------------

--
-- Estructura de tabla para la tabla `reservas`
--

CREATE TABLE `reservas` (
  `id` int(10) UNSIGNED NOT NULL,
  `servicio_id` int(10) UNSIGNED NOT NULL,
  `paciente_id` int(11) NOT NULL,
  `mascota_id` int(11) NOT NULL,
  `fecha_hora` datetime NOT NULL,
  `estado` enum('pendiente','aceptada','rechazada','completada','cancelada') NOT NULL DEFAULT 'pendiente',
  `notas` text DEFAULT NULL,
  `creado_en` timestamp NOT NULL DEFAULT current_timestamp()
) ENGINE=InnoDB DEFAULT CHARSET=utf8mb4 COLLATE=utf8mb4_unicode_ci;

-- --------------------------------------------------------

--
-- Estructura de tabla para la tabla `servicios`
--

CREATE TABLE `servicios` (
  `id` int(10) UNSIGNED NOT NULL,
  `prestador_id` int(10) UNSIGNED NOT NULL,
  `categoria_id` int(10) UNSIGNED NOT NULL,
  `nombre` varchar(150) NOT NULL,
  `rubro` varchar(100) DEFAULT NULL,
  `especialidades` longtext CHARACTER SET utf8mb4 COLLATE utf8mb4_bin DEFAULT NULL CHECK (json_valid(`especialidades`)),
  `otros_detalle` varchar(255) DEFAULT NULL,
  `descripcion` text DEFAULT NULL,
  `precio` decimal(10,2) DEFAULT NULL,
  `activo` tinyint(4) NOT NULL DEFAULT 1,
  `fecha_alta` timestamp NOT NULL DEFAULT current_timestamp(),
  `pais` varchar(100) DEFAULT NULL,
  `provincia` varchar(100) DEFAULT NULL,
  `provincia_id` int(11) DEFAULT NULL,
  `departamento` varchar(120) DEFAULT NULL,
  `ciudad` varchar(100) DEFAULT NULL,
  `ciudad_id` int(11) DEFAULT NULL,
  `barrio` varchar(100) DEFAULT NULL,
  `direccion` varchar(150) DEFAULT NULL,
  `numero` varchar(20) DEFAULT NULL,
  `latitud` decimal(10,6) DEFAULT NULL,
  `longitud` decimal(10,6) DEFAULT NULL,
  `telefono` varchar(50) DEFAULT NULL,
  `whatsapp` varchar(20) DEFAULT NULL,
  `tipo` enum('simple','destacado','pro','premium') NOT NULL DEFAULT 'simple',
  `duracion_minutos` smallint(6) NOT NULL DEFAULT 30
) ENGINE=InnoDB DEFAULT CHARSET=utf8mb4 COLLATE=utf8mb4_unicode_ci;

-- --------------------------------------------------------

--
-- Estructura de tabla para la tabla `sessions`
--

CREATE TABLE `sessions` (
  `id` varchar(255) NOT NULL,
  `user_id` bigint(20) UNSIGNED DEFAULT NULL,
  `ip_address` varchar(45) DEFAULT NULL,
  `user_agent` text DEFAULT NULL,
  `payload` longtext NOT NULL,
  `last_activity` int(11) NOT NULL
) ENGINE=InnoDB DEFAULT CHARSET=utf8mb4 COLLATE=utf8mb4_unicode_ci;

--
-- Volcado de datos para la tabla `sessions`
--

INSERT INTO `sessions` (`id`, `user_id`, `ip_address`, `user_agent`, `payload`, `last_activity`) VALUES
('3mXzaaN7y8vIufDjmZX1uCMOiuJ9e3nFWXrz8tYW', NULL, '::1', 'Mozilla/5.0 (Windows NT 10.0; Win64; x64) AppleWebKit/537.36 (KHTML, like Gecko) Chrome/141.0.0.0 Safari/537.36', 'YTo0OntzOjY6Il90b2tlbiI7czo0MDoiQlFoMWcwbDNZSU1QT3V5WGoyeGVZNVpmVDdUUTZaaHZ0dGVGU1c0YiI7czo2OiJfZmxhc2giO2E6Mjp7czozOiJvbGQiO2E6MDp7fXM6MzoibmV3IjthOjA6e319czo5OiJfcHJldmlvdXMiO2E6Mjp7czozOiJ1cmwiO3M6NTY6Imh0dHA6Ly9sb2NhbGhvc3QvZ2VzdGlvbm1hc2NvdGFzL2xhcmF2ZWwvcHVibGljL3JlZ2lzdHJvIjtzOjU6InJvdXRlIjtzOjg6InJlZ2lzdGVyIjt9czozOiJ1cmwiO2E6MTp7czo4OiJpbnRlbmRlZCI7czo2MzoiaHR0cDovL2xvY2FsaG9zdC9nZXN0aW9ubWFzY290YXMvbGFyYXZlbC9wdWJsaWMvcGFuZWwvc2VydmljaW9zIjt9fQ==', 1762043326),
('JmljJyvBXBlvNTNK14PT4ZcllhA5mRYOCLEJqZj5', NULL, '::1', 'Mozilla/5.0 (Windows NT 10.0; Win64; x64) AppleWebKit/537.36 (KHTML, like Gecko) Chrome/142.0.0.0 Safari/537.36', 'YTozOntzOjY6Il90b2tlbiI7czo0MDoidVVFdXBlR2JROUYwcG44VXBkMEc0RW9Wb2IwRWtZSEhkcmRCT3ZMcCI7czo5OiJfcHJldmlvdXMiO2E6Mjp7czozOiJ1cmwiO3M6NTY6Imh0dHA6Ly9sb2NhbGhvc3QvZ2VzdGlvbm1hc2NvdGFzL2xhcmF2ZWwvcHVibGljL3JlZ2lzdHJvIjtzOjU6InJvdXRlIjtzOjg6InJlZ2lzdGVyIjt9czo2OiJfZmxhc2giO2E6Mjp7czozOiJvbGQiO2E6MDp7fXM6MzoibmV3IjthOjA6e319fQ==', 1762097545),
('W91oPWWvckuEDOCF3EUOTo3DYIB7aJyQjPPOE15H', NULL, '::1', 'Mozilla/5.0 (Windows NT 10.0; Win64; x64) AppleWebKit/537.36 (KHTML, like Gecko) Chrome/141.0.0.0 Safari/537.36', 'YTozOntzOjY6Il90b2tlbiI7czo0MDoiNUFLSXFhWkY2eUYzZlZSekxzNEdLdWtGZk5HMDVFb05IVkdQUENDeSI7czo5OiJfcHJldmlvdXMiO2E6Mjp7czozOiJ1cmwiO3M6MTE0OiJodHRwOi8vbG9jYWxob3N0L2dlc3Rpb25tYXNjb3Rhcy9sYXJhdmVsL3B1YmxpYy9hci9sb2NhbGlkYWRlcz9wcm92aW5jaWE9RW50cmUlMjBSJUMzJUFEb3MmcHJvdmluY2lhX2lkPWVudHJlX3Jpb3MiO3M6NToicm91dGUiO3M6MTQ6ImFyLmxvY2FsaWRhZGVzIjt9czo2OiJfZmxhc2giO2E6Mjp7czozOiJvbGQiO2E6MDp7fXM6MzoibmV3IjthOjA6e319fQ==', 1762088869),
('xzmq8a57JzxBNR2yGvM2UT3PemFcnT4ZPnAwsCQL', NULL, '::1', 'Mozilla/5.0 (Windows NT 10.0; Win64; x64) AppleWebKit/537.36 (KHTML, like Gecko) Chrome/141.0.0.0 Safari/537.36', 'YTozOntzOjY6Il90b2tlbiI7czo0MDoiV2htdktUOUdyaHZ1djFyd0dUTnNxMGJLQ3doVzJFdXFVVHd6N1BJMiI7czo5OiJfcHJldmlvdXMiO2E6Mjp7czozOiJ1cmwiO3M6NTY6Imh0dHA6Ly9sb2NhbGhvc3QvZ2VzdGlvbm1hc2NvdGFzL2xhcmF2ZWwvcHVibGljL3JlZ2lzdHJvIjtzOjU6InJvdXRlIjtzOjg6InJlZ2lzdGVyIjt9czo2OiJfZmxhc2giO2E6Mjp7czozOiJvbGQiO2E6MDp7fXM6MzoibmV3IjthOjA6e319fQ==', 1762088794);

-- --------------------------------------------------------

--
-- Estructura de tabla para la tabla `suscripciones`
--

CREATE TABLE `suscripciones` (
  `id` int(11) NOT NULL,
  `nombre` varchar(100) DEFAULT NULL,
  `email` varchar(190) CHARACTER SET utf8mb4 COLLATE utf8mb4_unicode_ci NOT NULL,
  `tipo` enum('usuario','prestador') DEFAULT 'usuario',
  `autorizacion` tinyint(1) DEFAULT 1,
  `activo` tinyint(1) NOT NULL DEFAULT 1,
  `fecha_alta` datetime DEFAULT current_timestamp(),
  `unsubscribe_token` varchar(64) DEFAULT NULL
) ENGINE=InnoDB DEFAULT CHARSET=utf8mb4 COLLATE=utf8mb4_general_ci;

--
-- Volcado de datos para la tabla `suscripciones`
--

INSERT INTO `suscripciones` (`id`, `nombre`, `email`, `tipo`, `autorizacion`, `activo`, `fecha_alta`, `unsubscribe_token`) VALUES
(16, 'Silvia Susana', 'silviadelanzo@gmail.com', '', 1, 1, '2025-11-23 10:02:08', NULL),
(17, 'Carlos Alberto', 'carlos.lanzo@gmail.com', 'prestador', 1, 1, '2025-11-23 10:03:41', NULL),
(18, 'Carlos Alberto', 'cloudhostingargentina@gmail.com', 'prestador', 1, 1, '2025-11-23 10:05:22', NULL),
(20, 'Carlos Alberto', 'contactos@mascotasymimos.com', 'prestador', 1, 1, '2025-11-23 10:09:19', NULL);

-- --------------------------------------------------------

--
-- Estructura de tabla para la tabla `users`
--

CREATE TABLE `users` (
  `id` bigint(20) UNSIGNED NOT NULL,
  `name` varchar(255) NOT NULL,
  `email` varchar(255) NOT NULL,
  `email_verified_at` timestamp NULL DEFAULT NULL,
  `password` varchar(255) NOT NULL,
  `remember_token` varchar(100) DEFAULT NULL,
  `created_at` timestamp NULL DEFAULT NULL,
  `updated_at` timestamp NULL DEFAULT NULL
) ENGINE=InnoDB DEFAULT CHARSET=utf8mb4 COLLATE=utf8mb4_unicode_ci;

-- --------------------------------------------------------

--
-- Estructura de tabla para la tabla `usuarios`
--

CREATE TABLE `usuarios` (
  `id` int(10) UNSIGNED NOT NULL,
  `nombre` varchar(255) NOT NULL,
  `email` varchar(255) NOT NULL,
  `telefono` varchar(50) DEFAULT NULL,
  `rol` enum('admin','dueno','prestador') NOT NULL DEFAULT 'dueno',
  `password` varchar(255) NOT NULL,
  `provincia_id` int(10) UNSIGNED DEFAULT NULL,
  `localidad_id` int(10) UNSIGNED DEFAULT NULL,
  `created_at` timestamp NULL DEFAULT NULL,
  `updated_at` timestamp NULL DEFAULT NULL
) ENGINE=InnoDB DEFAULT CHARSET=utf8mb4 COLLATE=utf8mb4_general_ci;

-- --------------------------------------------------------

--
-- Estructura de tabla para la tabla `usuarios_delete`
--

CREATE TABLE `usuarios_delete` (
  `id` int(11) NOT NULL,
  `nombre` varchar(100) NOT NULL,
  `email` varchar(100) NOT NULL,
  `email_verified_at` timestamp NULL DEFAULT NULL,
  `password` varchar(255) NOT NULL,
  `remember_token` varchar(100) DEFAULT NULL,
  `rol` enum('admin','profesional','prestador','paciente') NOT NULL DEFAULT 'paciente',
  `verificado` tinyint(1) NOT NULL DEFAULT 0,
  `token_verificacion` varchar(100) DEFAULT NULL,
  `reset_token` varchar(64) DEFAULT NULL,
  `reset_expira` datetime DEFAULT NULL,
  `fecha_alta` datetime NOT NULL DEFAULT current_timestamp(),
  `telefono` varchar(50) DEFAULT NULL,
  `direccion` varchar(150) DEFAULT NULL,
  `ciudad` varchar(100) DEFAULT NULL,
  `ciudad_id` int(11) DEFAULT NULL,
  `provincia` varchar(100) DEFAULT NULL,
  `provincia_id` int(11) DEFAULT NULL,
  `pais` varchar(100) DEFAULT NULL,
  `fecha_nacimiento` date DEFAULT NULL,
  `documento` varchar(50) DEFAULT NULL,
  `genero` enum('masculino','femenino','otro') DEFAULT 'otro',
  `biografia` text DEFAULT NULL,
  `latitud` decimal(10,6) DEFAULT NULL,
  `longitud` decimal(10,6) DEFAULT NULL,
  `fecha_registro` timestamp NULL DEFAULT current_timestamp(),
  `activo` tinyint(1) DEFAULT 1,
  `verificado_whatsapp` tinyint(1) NOT NULL DEFAULT 0,
  `token_whatsapp` varchar(10) DEFAULT NULL,
  `publico` tinyint(1) NOT NULL DEFAULT 0,
  `plan` enum('free','premium','pro') NOT NULL DEFAULT 'free',
  `newsletter_opt_in` tinyint(4) NOT NULL DEFAULT 0,
  `newsletter_opt_in_at` timestamp NULL DEFAULT NULL
) ENGINE=InnoDB DEFAULT CHARSET=utf8mb4 COLLATE=utf8mb4_general_ci;

--
-- Volcado de datos para la tabla `usuarios_delete`
--

INSERT INTO `usuarios_delete` (`id`, `nombre`, `email`, `email_verified_at`, `password`, `remember_token`, `rol`, `verificado`, `token_verificacion`, `reset_token`, `reset_expira`, `fecha_alta`, `telefono`, `direccion`, `ciudad`, `ciudad_id`, `provincia`, `provincia_id`, `pais`, `fecha_nacimiento`, `documento`, `genero`, `biografia`, `latitud`, `longitud`, `fecha_registro`, `activo`, `verificado_whatsapp`, `token_whatsapp`, `publico`, `plan`, `newsletter_opt_in`, `newsletter_opt_in_at`) VALUES
(15, 'Admin', 'admin@gestionmascotas.local', '2025-11-01 18:57:16', '$2y$12$XqoZk/saoq10ZGuq.s5TAeQppcQ1XBX4L1dkmXJMwLkGw18z.mgT.', 'c6svhpGpILkj4CkO6ed9ljU5gvaWta6J1Gvu1W5Jh3xR9Vl3XDR0xiReuH7B', 'admin', 0, NULL, NULL, NULL, '2025-11-01 12:26:42', NULL, NULL, NULL, NULL, NULL, NULL, NULL, NULL, NULL, 'otro', NULL, NULL, NULL, '2025-11-01 15:26:42', 1, 0, NULL, 1, 'free', 0, NULL);

--
-- Índices para tablas volcadas
--

--
-- Indices de la tabla `bitacora`
--
ALTER TABLE `bitacora`
  ADD PRIMARY KEY (`id`),
  ADD KEY `idx_bitacora_entidad` (`entidad_tipo`,`entidad_id`),
  ADD KEY `idx_bitacora_user` (`user_id`),
  ADD KEY `idx_bitacora_accion` (`accion`);

--
-- Indices de la tabla `cache`
--
ALTER TABLE `cache`
  ADD PRIMARY KEY (`key`);

--
-- Indices de la tabla `cache_locks`
--
ALTER TABLE `cache_locks`
  ADD PRIMARY KEY (`key`);

--
-- Indices de la tabla `categorias`
--
ALTER TABLE `categorias`
  ADD PRIMARY KEY (`id`),
  ADD UNIQUE KEY `nombre_categoria` (`nombre_categoria`);

--
-- Indices de la tabla `ciudades`
--
ALTER TABLE `ciudades`
  ADD PRIMARY KEY (`id`),
  ADD UNIQUE KEY `uk_ciudad_provincia` (`provincia_id`,`nombre`);

--
-- Indices de la tabla `email_verifications`
--
ALTER TABLE `email_verifications`
  ADD PRIMARY KEY (`id`),
  ADD KEY `idx_user_id` (`user_id`);

--
-- Indices de la tabla `failed_jobs`
--
ALTER TABLE `failed_jobs`
  ADD PRIMARY KEY (`id`),
  ADD UNIQUE KEY `failed_jobs_uuid_unique` (`uuid`);

--
-- Indices de la tabla `historial_servicios`
--
ALTER TABLE `historial_servicios`
  ADD PRIMARY KEY (`id`),
  ADD KEY `idx_historial_mascota` (`mascota_id`),
  ADD KEY `idx_historial_profesional` (`profesional_id`),
  ADD KEY `historial_servicios_reserva_id_foreign` (`reserva_id`);

--
-- Indices de la tabla `jobs`
--
ALTER TABLE `jobs`
  ADD PRIMARY KEY (`id`),
  ADD KEY `jobs_queue_index` (`queue`);

--
-- Indices de la tabla `job_batches`
--
ALTER TABLE `job_batches`
  ADD PRIMARY KEY (`id`);

--
-- Indices de la tabla `localidades`
--
ALTER TABLE `localidades`
  ADD PRIMARY KEY (`id`),
  ADD KEY `provincia_id` (`provincia_id`);

--
-- Indices de la tabla `mascotas`
--
ALTER TABLE `mascotas`
  ADD PRIMARY KEY (`id`),
  ADD KEY `idx_mascotas_dueno` (`dueno_id`);

--
-- Indices de la tabla `migrations`
--
ALTER TABLE `migrations`
  ADD PRIMARY KEY (`id`);

--
-- Indices de la tabla `password_reset_tokens`
--
ALTER TABLE `password_reset_tokens`
  ADD PRIMARY KEY (`email`);

--
-- Indices de la tabla `prestadores`
--
ALTER TABLE `prestadores`
  ADD PRIMARY KEY (`id`),
  ADD KEY `usuario_id` (`usuario_id`);

--
-- Indices de la tabla `prestador_fotos`
--
ALTER TABLE `prestador_fotos`
  ADD PRIMARY KEY (`id`),
  ADD UNIQUE KEY `uq_fotos_prestador_orden` (`prestador_id`,`orden`),
  ADD KEY `idx_fotos_prestador` (`prestador_id`),
  ADD KEY `idx_fotos_prestador_aprobada` (`prestador_id`,`aprobada`);

--
-- Indices de la tabla `provincias`
--
ALTER TABLE `provincias`
  ADD PRIMARY KEY (`id`),
  ADD UNIQUE KEY `nombre` (`nombre`);

--
-- Indices de la tabla `recordatorios`
--
ALTER TABLE `recordatorios`
  ADD PRIMARY KEY (`id`),
  ADD KEY `usuario_id` (`usuario_id`),
  ADD KEY `mascota_id` (`mascota_id`);

--
-- Indices de la tabla `reservas`
--
ALTER TABLE `reservas`
  ADD PRIMARY KEY (`id`),
  ADD KEY `idx_reservas_servicio` (`servicio_id`),
  ADD KEY `idx_reservas_paciente` (`paciente_id`),
  ADD KEY `idx_reservas_mascota` (`mascota_id`),
  ADD KEY `idx_reservas_estado` (`estado`);

--
-- Indices de la tabla `servicios`
--
ALTER TABLE `servicios`
  ADD PRIMARY KEY (`id`),
  ADD KEY `idx_servicios_prestador` (`prestador_id`),
  ADD KEY `idx_servicios_categoria` (`categoria_id`),
  ADD KEY `idx_servicios_barrio` (`barrio`),
  ADD KEY `idx_servicios_departamento` (`departamento`),
  ADD KEY `fk_servicios_provincia` (`provincia_id`),
  ADD KEY `fk_servicios_ciudad` (`ciudad_id`);

--
-- Indices de la tabla `sessions`
--
ALTER TABLE `sessions`
  ADD PRIMARY KEY (`id`),
  ADD KEY `sessions_user_id_index` (`user_id`),
  ADD KEY `sessions_last_activity_index` (`last_activity`);

--
-- Indices de la tabla `suscripciones`
--
ALTER TABLE `suscripciones`
  ADD PRIMARY KEY (`id`),
  ADD UNIQUE KEY `ux_email` (`email`),
  ADD UNIQUE KEY `unsubscribe_token` (`unsubscribe_token`);

--
-- Indices de la tabla `users`
--
ALTER TABLE `users`
  ADD PRIMARY KEY (`id`),
  ADD UNIQUE KEY `users_email_unique` (`email`);

--
-- Indices de la tabla `usuarios`
--
ALTER TABLE `usuarios`
  ADD PRIMARY KEY (`id`),
  ADD UNIQUE KEY `email` (`email`);

--
-- Indices de la tabla `usuarios_delete`
--
ALTER TABLE `usuarios_delete`
  ADD PRIMARY KEY (`id`),
  ADD UNIQUE KEY `uq_usuarios_email` (`email`),
  ADD KEY `usuarios_email_verified_at_index` (`email_verified_at`),
  ADD KEY `fk_usuarios_provincia` (`provincia_id`),
  ADD KEY `fk_usuarios_ciudad` (`ciudad_id`);

--
-- AUTO_INCREMENT de las tablas volcadas
--

--
-- AUTO_INCREMENT de la tabla `bitacora`
--
ALTER TABLE `bitacora`
  MODIFY `id` bigint(20) UNSIGNED NOT NULL AUTO_INCREMENT;

--
-- AUTO_INCREMENT de la tabla `categorias`
--
ALTER TABLE `categorias`
  MODIFY `id` int(11) NOT NULL AUTO_INCREMENT, AUTO_INCREMENT=4;

--
-- AUTO_INCREMENT de la tabla `ciudades`
--
ALTER TABLE `ciudades`
  MODIFY `id` int(11) NOT NULL AUTO_INCREMENT, AUTO_INCREMENT=121;

--
-- AUTO_INCREMENT de la tabla `email_verifications`
--
ALTER TABLE `email_verifications`
  MODIFY `id` bigint(20) UNSIGNED NOT NULL AUTO_INCREMENT;

--
-- AUTO_INCREMENT de la tabla `failed_jobs`
--
ALTER TABLE `failed_jobs`
  MODIFY `id` bigint(20) UNSIGNED NOT NULL AUTO_INCREMENT;

--
-- AUTO_INCREMENT de la tabla `historial_servicios`
--
ALTER TABLE `historial_servicios`
  MODIFY `id` int(10) UNSIGNED NOT NULL AUTO_INCREMENT;

--
-- AUTO_INCREMENT de la tabla `jobs`
--
ALTER TABLE `jobs`
  MODIFY `id` bigint(20) UNSIGNED NOT NULL AUTO_INCREMENT;

--
-- AUTO_INCREMENT de la tabla `localidades`
--
ALTER TABLE `localidades`
  MODIFY `id` int(11) NOT NULL AUTO_INCREMENT, AUTO_INCREMENT=5201;

--
-- AUTO_INCREMENT de la tabla `mascotas`
--
ALTER TABLE `mascotas`
  MODIFY `id` int(11) NOT NULL AUTO_INCREMENT, AUTO_INCREMENT=2;

--
-- AUTO_INCREMENT de la tabla `migrations`
--
ALTER TABLE `migrations`
  MODIFY `id` int(10) UNSIGNED NOT NULL AUTO_INCREMENT, AUTO_INCREMENT=19;

--
-- AUTO_INCREMENT de la tabla `prestadores`
--
ALTER TABLE `prestadores`
  MODIFY `id` int(11) NOT NULL AUTO_INCREMENT;

--
-- AUTO_INCREMENT de la tabla `prestador_fotos`
--
ALTER TABLE `prestador_fotos`
  MODIFY `id` int(10) UNSIGNED NOT NULL AUTO_INCREMENT;

--
-- AUTO_INCREMENT de la tabla `provincias`
--
ALTER TABLE `provincias`
  MODIFY `id` int(11) NOT NULL AUTO_INCREMENT, AUTO_INCREMENT=121;

--
-- AUTO_INCREMENT de la tabla `recordatorios`
--
ALTER TABLE `recordatorios`
  MODIFY `id` int(11) NOT NULL AUTO_INCREMENT;

--
-- AUTO_INCREMENT de la tabla `reservas`
--
ALTER TABLE `reservas`
  MODIFY `id` int(10) UNSIGNED NOT NULL AUTO_INCREMENT;

--
-- AUTO_INCREMENT de la tabla `servicios`
--
ALTER TABLE `servicios`
  MODIFY `id` int(10) UNSIGNED NOT NULL AUTO_INCREMENT;

--
-- AUTO_INCREMENT de la tabla `suscripciones`
--
ALTER TABLE `suscripciones`
  MODIFY `id` int(11) NOT NULL AUTO_INCREMENT, AUTO_INCREMENT=23;

--
-- AUTO_INCREMENT de la tabla `users`
--
ALTER TABLE `users`
  MODIFY `id` bigint(20) UNSIGNED NOT NULL AUTO_INCREMENT;

--
-- AUTO_INCREMENT de la tabla `usuarios`
--
ALTER TABLE `usuarios`
  MODIFY `id` int(10) UNSIGNED NOT NULL AUTO_INCREMENT;

--
-- AUTO_INCREMENT de la tabla `usuarios_delete`
--
ALTER TABLE `usuarios_delete`
  MODIFY `id` int(11) NOT NULL AUTO_INCREMENT, AUTO_INCREMENT=16;

--
-- Restricciones para tablas volcadas
--

--
-- Filtros para la tabla `bitacora`
--
ALTER TABLE `bitacora`
  ADD CONSTRAINT `bitacora_user_id_foreign` FOREIGN KEY (`user_id`) REFERENCES `usuarios_delete` (`id`) ON DELETE SET NULL;

--
-- Filtros para la tabla `ciudades`
--
ALTER TABLE `ciudades`
  ADD CONSTRAINT `fk_ciudades_provincia` FOREIGN KEY (`provincia_id`) REFERENCES `provincias` (`id`) ON DELETE CASCADE;

--
-- Filtros para la tabla `email_verifications`
--
ALTER TABLE `email_verifications`
  ADD CONSTRAINT `fk_user_email_verification` FOREIGN KEY (`user_id`) REFERENCES `users` (`id`) ON DELETE CASCADE;

--
-- Filtros para la tabla `historial_servicios`
--
ALTER TABLE `historial_servicios`
  ADD CONSTRAINT `historial_servicios_mascota_id_foreign` FOREIGN KEY (`mascota_id`) REFERENCES `mascotas` (`id`) ON DELETE CASCADE,
  ADD CONSTRAINT `historial_servicios_profesional_id_foreign` FOREIGN KEY (`profesional_id`) REFERENCES `usuarios_delete` (`id`) ON DELETE SET NULL,
  ADD CONSTRAINT `historial_servicios_reserva_id_foreign` FOREIGN KEY (`reserva_id`) REFERENCES `reservas` (`id`) ON DELETE SET NULL;

--
-- Filtros para la tabla `localidades`
--
ALTER TABLE `localidades`
  ADD CONSTRAINT `fk_localidades_prov` FOREIGN KEY (`provincia_id`) REFERENCES `provincias` (`id`);

--
-- Filtros para la tabla `mascotas`
--
ALTER TABLE `mascotas`
  ADD CONSTRAINT `fk_mascotas_usuarios` FOREIGN KEY (`dueno_id`) REFERENCES `usuarios_delete` (`id`) ON DELETE CASCADE;

--
-- Filtros para la tabla `prestadores`
--
ALTER TABLE `prestadores`
  ADD CONSTRAINT `prestadores_ibfk_1` FOREIGN KEY (`usuario_id`) REFERENCES `usuarios_delete` (`id`) ON DELETE CASCADE;

--
-- Filtros para la tabla `prestador_fotos`
--
ALTER TABLE `prestador_fotos`
  ADD CONSTRAINT `prestador_fotos_prestador_id_foreign` FOREIGN KEY (`prestador_id`) REFERENCES `usuarios_delete` (`id`) ON DELETE CASCADE;

--
-- Filtros para la tabla `recordatorios`
--
ALTER TABLE `recordatorios`
  ADD CONSTRAINT `recordatorios_ibfk_1` FOREIGN KEY (`usuario_id`) REFERENCES `usuarios_delete` (`id`) ON DELETE CASCADE,
  ADD CONSTRAINT `recordatorios_ibfk_2` FOREIGN KEY (`mascota_id`) REFERENCES `mascotas` (`id`) ON DELETE CASCADE;

--
-- Filtros para la tabla `reservas`
--
ALTER TABLE `reservas`
  ADD CONSTRAINT `reservas_mascota_id_foreign` FOREIGN KEY (`mascota_id`) REFERENCES `mascotas` (`id`) ON DELETE CASCADE,
  ADD CONSTRAINT `reservas_paciente_id_foreign` FOREIGN KEY (`paciente_id`) REFERENCES `usuarios_delete` (`id`) ON DELETE CASCADE,
  ADD CONSTRAINT `reservas_servicio_id_foreign` FOREIGN KEY (`servicio_id`) REFERENCES `servicios` (`id`) ON DELETE CASCADE;

--
-- Filtros para la tabla `servicios`
--
ALTER TABLE `servicios`
  ADD CONSTRAINT `fk_servicios_ciudad` FOREIGN KEY (`ciudad_id`) REFERENCES `localidades` (`id`) ON DELETE SET NULL ON UPDATE CASCADE,
  ADD CONSTRAINT `fk_servicios_provincia` FOREIGN KEY (`provincia_id`) REFERENCES `provincias` (`id`) ON DELETE SET NULL ON UPDATE CASCADE;

--
-- Filtros para la tabla `usuarios_delete`
--
ALTER TABLE `usuarios_delete`
  ADD CONSTRAINT `fk_usuarios_ciudad` FOREIGN KEY (`ciudad_id`) REFERENCES `localidades` (`id`) ON DELETE SET NULL ON UPDATE CASCADE,
  ADD CONSTRAINT `fk_usuarios_provincia` FOREIGN KEY (`provincia_id`) REFERENCES `provincias` (`id`) ON DELETE SET NULL ON UPDATE CASCADE;
COMMIT;

/*!40101 SET CHARACTER_SET_CLIENT=@OLD_CHARACTER_SET_CLIENT */;
/*!40101 SET CHARACTER_SET_RESULTS=@OLD_CHARACTER_SET_RESULTS */;
/*!40101 SET COLLATION_CONNECTION=@OLD_COLLATION_CONNECTION */;
